stroke_count,kanji,meaning,readings
1,一,one,ichi/itsu/hito/hito-tsu
1,乙,the latter,otsu
2,九,nine,kyū/ku/kokono/kokono-tsu
2,七,seven,shichi/nana/nana-tsu
2,十,ten,jū/ji'/too/to
2,人,person,jin/nin/hito
2,丁,ward,chō/tei
2,刀,sword,tō/katana
2,二,two,ni/futa/futa-tsu
2,入,enter,nyū/i-ru/i-reru/hai-ru
2,八,eight,hachi/ya/ya-tsu/ya'-tsu
2,又,or again,mata
2,了,finish,ryō
2,力,power,ryoku/riki/chikara
3,下,below,ka/ge/shita/shimo/moto/sa-geru/sa-garu/kuda-ru/kuda-su/kuda-saru/o-rosu/o-riru
3,干,dry,kan/ho-su/hi-ru
3,丸,circle,gan/maru/maru-i/maru-meru
3,久,long time,kyū/hisa-shii
3,及,reach out,kyū/oyo-bu/oyo-bi/oyo-bosu
3,弓,"bow (archery, violin)",kyū/yumi
3,巾,towel,kin
3,己,self,ko/ki/onore
3,口,mouth,kō/ku/kuchi
3,工,craft,kō/ku
3,乞,beg,ko-u
3,才,genius,sai
3,三,three,san/mi/mi-tsu/mi'-tsu
3,山,mountain,san/yama
3,士,gentleman,shi
3,子,child,shi/su/ko
3,女,woman,jo/nyo/onna/me
3,小,small,shō/chii-sai/ko/o
3,上,up,jō/ue/kami/a-geru/a-garu/nobo-ru/nobo-seru/nobo-su
3,丈,length,jō/take
3,刃,blade,jin/ha
3,寸,measurement,sun
3,夕,evening,seki/yū
3,千,thousand,sen/chi
3,川,river,sen/kawa
3,大,large,dai/tai/oo/oo-kii/oo-ini
3,土,soil,do/to/tsuchi
3,亡,deceased,bō/na-i
3,凡,mediocre,bon
3,万,ten thousand,man/ban
3,与,give,yo/ata-eru
4,引,pull,in/hi-ku/hi-keru
4,円,"round, yen",en/maru-i
4,王,king,ō
4,化,change,ka/ke/ba-keru/ba-kasu
4,火,fire,ka/hi
4,牙,tusk,ga/kiba
4,介,jammed in,kai
4,刈,reap,ka-ru
4,牛,cow,gyū/ushi
4,凶,villain,kyō
4,斤,axe,kin
4,区,ward,ku
4,欠,lack,ketsu/ka-keru/ka-ku
4,月,"month, moon",getsu/gatsu/tsuki
4,犬,dog,ken/inu
4,元,origin,gen/gan/moto
4,幻,phantasm,gen/maboroshi
4,戸,door,ko/to
4,五,five,go/itsu/itsu-tsu
4,互,mutually,go/taga-i
4,午,noon,go
4,公,public,kō/ooyake
4,勾,capture,kō
4,孔,cavity,kō
4,今,now,kon/kin/ima
4,支,branch,shi/sasa-eru
4,止,stop,shi/to-maru/to-meru
4,氏,family name,shi/uji
4,尺,shaku,shaku
4,手,hand,shu/te
4,収,take in,shū/osa-meru/osa-maru
4,升,measuring box,shō/masu
4,少,few,shō/suku-nai/suko-shi
4,冗,superfluous,jō
4,心,heart,shin/kokoro
4,仁,humanity,jin
4,水,water,sui/mizu
4,井,well,sei/i
4,切,cut,setsu/ki-ru/ki-reru
4,双,pair,sō/futa
4,太,thick,tai/ta/futo-i/futo-ru
4,丹,cinnabar,tan
4,中,middle,chū/naka
4,弔,condolences,chō/tomura-u
4,爪,claw,tsume
4,天,heaven,ten/ame
4,斗,Big Dipper,to
4,屯,barracks,ton
4,内,inside,nai/uchi
4,匂,scent,nio-u
4,日,day,nichi/jitsu/hi/ka
4,反,anti-,han/so-ru/so-rasu
4,比,compare,hi/kura-beru
4,匹,equal,hitsu/hiki
4,不,non-,fu/bu
4,夫,husband,fu/otto
4,父,father,fu/chichi
4,仏,Buddha,butsu/hotoke
4,分,"part, minute of time",bun/fun/bu/wa-keru/wa-kareru/wa-karu/wa-katsu
4,文,writing,bun/mon/fumi
4,片,one-sided,hen/kata
4,方,direction,hō/kata
4,乏,scarce,bō/tobo-shii
4,木,tree,boku/moku/ki
4,毛,hair,mō/ke
4,厄,unlucky,yaku
4,友,friend,yū/tomo
4,予,in advance,yo
4,六,six,roku/mu/mu-tsu/mu'-tsu
5,圧,pressure,atsu
5,以,by means of,i
5,右,right (direction),u/yū/migi
5,永,eternity,ei/naga-i
5,凹,concave,ō
5,央,center,ō
5,加,add,ka/kuwa-eru/kuwa-waru
5,可,possible,ka
5,瓦,tile,ga/kawara
5,外,outside,gai/ge/soto/hoka/hazu-su/hazu-reru
5,且,moreover,ka-tsu
5,刊,publish,kan
5,甘,sweet,kan/ama-i/ama-eru/ama-yakasu
5,丘,hill,kyū/oka
5,旧,old times,kyū
5,去,leave,kyo/ko/sa-ru
5,巨,gigantic,kyo
5,玉,ball,gyoku/tama
5,句,phrase,ku
5,兄,older brother,kei/ani
5,穴,hole,ketsu/ana
5,玄,mysterious,gen
5,古,old,ko/furu-i/furu-su
5,功,achievement,kō
5,巧,adroit,kō/taku-mi
5,広,wide,kō/hiro-i/hiro-maru/hiro-meru/hiro-garu/hiro-geru
5,甲,armor,kō/kan
5,号,number,gō
5,込,crowded,ko-mu/ko-meru
5,左,left (direction),sa/hidari
5,冊,counter for books,satsu/saku
5,札,tag,satsu/fuda
5,皿,dish,sara
5,仕,do,shi/tsuka-eru
5,史,history,shi
5,司,director,shi
5,四,four,shi/yo/yo-tsu/yo'-tsu/yon
5,市,market,shi/ichi
5,矢,arrow,shi/ya
5,示,indicate,ji/shi/shime-su
5,�,scold,shitsu/shika-ru
5,失,lose,shitsu/ushina-u
5,写,copy,sha/utsu-su/utsu-ru
5,主,master,shu/nushi/omo
5,囚,captured,shū
5,汁,soup,jū/shiru
5,出,exit,shutsu/de-ru/da-su
5,処,dispose,sho
5,召,summon,shō/me-su
5,尻,buttocks,shiri
5,申,say,shin/mō-su
5,世,world,sei/se/yo
5,正,correct,sei/shō/tada-shii/tada-su/masa
5,生,life,sei/shō/i-kiru/i-kasu/i-keru/u-mareru/u-mu/o-u/ha-eru/ha-yasu/ki/nama
5,斥,reject,seki
5,石,stone,seki/ishi
5,仙,hermit,sen
5,占,fortune telling,sen/shi-meru/urana-u
5,他,other,ta/hoka
5,打,hit,da/u-tsu
5,代,substitute,dai/tai/ka-waru/ka-eru/yo/shiro
5,台,pedestal,dai/tai
5,旦,daybreak,tan/dan
5,庁,government office,chō
5,田,rice paddy,den/ta
5,奴,guy,do
5,冬,winter,tō/fuyu
5,凸,convex,totsu
5,丼,bowl of food,donburi
5,尼,nun,ni/ama
5,白,white,haku/byaku/shiro/shiro-i
5,半,half,han/naka-ba
5,氾,spread out,han
5,犯,crime,han/oka-su
5,皮,skin,hi/kawa
5,必,without fail,hitsu/kanara-zu
5,氷,ice,hyō/koori/hi
5,付,attach,fu/tsu-keru/tsu-ku
5,布,linen,fu/nuno
5,払,pay,futsu/hara-u
5,丙,third class,hei
5,平,flat,hei/byō/tai-ra/hira
5,辺,environs,hen/ata-ri/be
5,弁,valve,ben
5,母,mother,bo/haha
5,包,wrap,hō/tsutsu-mu
5,北,north,hoku/kita
5,本,book,hon/moto
5,末,end,matsu/batsu/sue
5,未,not yet,mi
5,民,people,min/tami
5,矛,halberd,mu/hoko
5,目,eye,moku/me
5,由,reason,yu/yū/yoshi
5,幼,infancy,yō/osana-i
5,用,use,yō/mochi-iru
5,立,stand up,ritsu/ta-tsu/ta-teru
5,令,orders,rei
5,礼,thanks,rei/rai
6,扱,handle,atsuka-u
6,安,cheap,an/yasu-i
6,衣,clothes,i/koromo
6,芋,potato,imo
6,印,mark,in/shirushi
6,因,cause,in/yo-ru
6,宇,eaves,u
6,羽,feather,u/ha/hane
6,汚,dirty,o/kega-su/kega-reru/kega-rawashii/yogo-su/yogo-reru/kitana-i
6,仮,temporary,ka/kari
6,回,times,kai/mawa-ru/mawa-su
6,灰,ashes,kai/hai
6,会,association,kai/e/a-u
6,各,each,kaku/onoono
6,汗,sweat,kan/ase
6,缶,tin can,kan
6,企,plan,ki/kuwada-teru
6,伎,deed,ki
6,危,dangerous,ki/abu-nai/aya-ui/aya-bumu
6,机,desk,ki/tsukue
6,気,feeling,ki/ke
6,吉,good luck,kichi/kitsu
6,休,rest,kyū/yasu-mu/yasu-maru/yasu-meru
6,吸,suck,kyū/su-u
6,朽,decay,kyū/ku-chiru
6,臼,mortar,kyū/usu
6,共,together,kyō/tomo
6,叫,shout,kyō/sake-bu
6,仰,face-up,gyō/ao-gu/oo-se
6,曲,musical composition,kyoku/ma-garu/ma-geru
6,刑,punish,kei
6,血,blood,ketsu/chi
6,件,affair,ken
6,交,mix,kō/maji-waru/maji-eru/ma-jiru/ma-zaru/ma-zeru/ka-u/ka-wasu
6,光,ray,kō/hika-ru/hikari
6,向,over there,kō/mu-ku/mu-keru/mu-kau/mu-kō
6,后,empress,kō
6,好,like,kō/kono-mu/su-ku
6,江,inlet,kō/e
6,考,think,kō/kanga-eru
6,行,go,kō/gyō/i-ku/yu-ku/okona-u
6,合,fit,gō/ga'/a-u/a-wasu/a-waseru
6,再,again,sai/futata-bi
6,在,exist,zai/a-ru
6,旨,delicious,shi/mune
6,死,death,shi/shi-nu
6,糸,thread,shi/ito
6,至,climax,shi/ita-ru
6,字,letter,ji/aza
6,寺,Buddhist temple,ji/tera
6,次,next,ji/shi/tsu-gu/tsugi
6,耳,ear,ji/mimi
6,自,oneself,ji/shi/mizuka-ra
6,式,style,shiki
6,芝,turf,shiba
6,守,protect,shu/mamo-ru/mo-ri
6,朱,vermilion,shu
6,州,state,shū/su
6,舟,boat,shū/fune
6,充,allot,jū/a-teru
6,旬,10-day period (of the month),jun
6,巡,patrol,jun/megu-ru
6,如,likeness,jo/nyo
6,匠,artisan,shō
6,色,color,shoku/shiki/iro
6,尽,exhaust,jin/tsu-kusu/tsu-kiru/tsu-kasu
6,迅,swift,jin
6,成,become,sei/na-ru/na-su
6,西,west,sei/sai/nishi
6,舌,tongue,zetsu/shita
6,先,previous,sen/saki
6,全,whole,zen/matta-ku/sube-te
6,壮,robust,sō
6,早,early,sō/haya-i/haya-maru/haya-meru
6,争,conflict,sō/araso-u
6,存,suppose,son/zon
6,多,many,ta/oo-i
6,宅,home,taku
6,団,group,dan
6,地,ground,chi/ji
6,池,pond,chi/ike
6,竹,bamboo,chiku/take
6,仲,relationship,chū/naka
6,虫,insect,chū/mushi
6,兆,"portent, trillion",chō/kiza-su/kiza-shi
6,伝,transmit,den/tsuta-waru/tsuta-eru/tsuta-u
6,吐,spit,to/ha-ku
6,灯,lamp,tō/hi
6,当,hit,tō/a-taru/a-teru
6,同,same,dō/ona-ji
6,弐,two (falsification prevention),ni
6,肉,meat,niku
6,任,responsibility,nin/maka-seru/maka-su
6,年,year,nen/toshi
6,肌,texture,hada
6,伐,fell,batsu
6,帆,sail,han/ho
6,汎,pan-,han
6,妃,queen,hi
6,百,hundred,hyaku
6,伏,prostrated,fuku/fu-seru/fu-su
6,米,rice,bei/mai/kome
6,忙,busy,bō/isoga-shii
6,朴,crude,boku
6,毎,every,mai
6,名,name,mei/myō/na
6,妄,delusion,mō/bō
6,有,have,yū/u/a-ru
6,羊,sheep,yō/hitsuji
6,吏,officer,ri
6,両,both,ryō
6,列,row,retsu
6,劣,inferiority,retsu/oto-ru
6,老,old man,rō/o-iru/fu-keru
7,亜,sub-,a
7,位,rank,i/kurai
7,囲,surround,i/kako-mu/kako-u
7,医,medicine,i
7,壱,one (falsification prevention),ichi
7,応,respond,ō/kota-eru
7,何,what,ka/nani
7,花,flower,ka/hana
7,我,ego,ga/ware/wa
7,快,cheerful,kai/kokoroyo-i
7,戒,commandment,kai/imashi-meru
7,改,reformation,kai/arata-meru/arata-maru
7,貝,shellfish,kai
7,角,angle,kaku/kado/tsuno
7,完,perfect,kan
7,肝,liver,kan/kimo
7,含,include,gan/fuku-mu/fuku-meru
7,岐,branch off,ki
7,希,hope,ki
7,忌,mourning,ki/i-mu/i-mawashii
7,汽,steam,ki
7,技,skill,gi/waza
7,却,instead,kyaku
7,求,request,kyū/moto-meru
7,究,research,kyū/kiwa-meru
7,狂,lunatic,kyō/kuru-u/kuru-oshii
7,局,office,kyoku
7,均,level,kin
7,近,near,kin/chika-i
7,吟,versify,gin
7,串,skewer,kushi
7,君,you,kun/kimi
7,形,shape,kei/gyō/kata/katachi
7,系,lineage,kei
7,芸,art,gei
7,迎,welcome,gei/muka-eru
7,決,decide,ketsu/ki-meru/ki-maru
7,見,see,ken/mi-ru/mi-eru/mi-seru
7,言,say,gen/gon/i-u/koto
7,呉,give,go
7,坑,pit,kō
7,孝,filial piety,kō
7,抗,confront,kō
7,攻,aggression,kō/se-meru
7,更,grow late,kō/sara/fu-keru/fu-kasu
7,克,overcome,koku
7,告,tell,koku/tsu-geru
7,谷,valley,koku/tani
7,困,become distressed,kon/koma-ru
7,佐,help,sa
7,沙,sand,sa
7,災,disaster,sai/wazawa-i
7,材,lumber,zai
7,作,make,saku/sa/tsuku-ru
7,伺,pay respects,shi/ukaga-u
7,志,intention,shi/kokoroza-su/kokorozashi
7,私,me,shi/watakushi/watashi
7,似,becoming,ji/ni-ru
7,児,child,ji
7,社,company,sha/yashiro
7,車,car,sha/kuruma
7,寿,longevity,ju/kotobuki
7,秀,excel,shū/hii-deru
7,住,dwelling,jū/su-mu/su-mau
7,初,first,sho/haji-me/haji-mete/hatsu/ui/so-meru
7,助,help,jo/tasu-keru/tasu-karu/suke
7,序,preface,jo
7,床,bed,shō/toko/yuka
7,抄,extract,shō
7,肖,resemblance,shō
7,条,clause,jō
7,状,form,jō
7,伸,lengthen,shin/no-biru/no-basu/no-beru
7,臣,retainer,shin/jin
7,芯,core,shin
7,身,body,shin/mi
7,辛,spicy,shin/kara-i
7,図,diagram,zu/to/haka-ru
7,吹,blow,sui/fu-ku
7,杉,cedar,sugi
7,声,voice,sei/koe
7,赤,red,seki/aka/aka-i/aka-ramu/aka-rameru
7,折,fold,setsu/o-ru/ori/o-reru
7,走,run,sō/hashi-ru
7,即,instant,soku
7,束,bundle,soku/taba
7,足,foot,soku/ashi/ta-riru/ta-ru/ta-su
7,村,village,son/mura
7,汰,luxury,ta
7,妥,gentle,da
7,対,opposite,tai/tsui
7,体,body,tai/tei/karada
7,択,choose,taku
7,沢,swamp,taku/sawa
7,但,however,tada-shi
7,男,male,dan/nan/otoko
7,沖,open sea,chū/oki
7,町,town,chō/machi
7,沈,sink,chin/shizu-mu/shizu-meru
7,低,low,tei/hiku-i/hiku-meru/hiku-maru
7,呈,display,tei
7,廷,courts,tei
7,弟,younger brother,tei/otōto
7,努,toil,do/tsuto-meru
7,投,throw,tō/na-geru
7,豆,beans,tō/mame
7,那,what,na
7,尿,urine,nyō
7,妊,pregnancy,nin
7,忍,endure,nin/shino-bu/shino-baseru
7,把,grasp,ha
7,売,sell,bai/u-ru/u-reru
7,伯,chief,haku
7,麦,wheat,baku/mugi
7,抜,slip out,batsu/nu-ku/nu-keru/nu-kasu/nu-karu
7,伴,consort,han/ban/tomona-u
7,判,judge,han/ban
7,坂,slope,han/saka
7,阪,heights,han
7,否,negate,hi/ina
7,批,criticism,hi
7,尾,tail,bi/o
7,肘,elbow,hiji
7,扶,aid,fu
7,兵,soldier,hei/hyō
7,別,separate,betsu/waka-reru
7,返,return,hen/kae-su/kae-ru
7,芳,perfume,hō/kanba-shii
7,邦,home country,hō
7,坊,boy,bō
7,妨,disturb,bō/samata-geru
7,忘,forget,bō/wasu-reru
7,防,prevent,bō/fuse-gu
7,没,drown,botsu
7,妙,exquisite,myō
7,冶,melting,ya
7,役,service,yaku/eki
7,余,leave over,yo/ama-ru/ama-su
7,妖,bewitching,yō/aya-shii
7,抑,repress,yoku/osa-eru
7,沃,fertility,yoku
7,来,come,rai/ku-ru/kita-ru/kita-su
7,乱,riot,ran/mida-reru/mida-su
7,卵,egg,ran/tamago
7,利,profit,ri/ki-ku
7,里,village,ri/sato
7,良,good,ryō/yo-i
7,冷,cool,rei/tsume-tai/hi-eru/hi-ya/hi-yasu/hi-yakasu/sa-meru/sa-masu
7,励,encourage,rei/hage-mu/hage-masu
7,戻,re-,rei/modo-su/modo-ru
7,呂,spine,ro
7,労,labour,rō
7,弄,tamper with,rō/moteaso-bu
8,宛,allocate,a-teru
8,依,reliant,i
8,委,committee,i/yuda-neru
8,育,nurture,iku/soda-tsu/soda-teru/haguku-mu
8,雨,rain,u/ame
8,泳,swim,ei/oyo-gu
8,英,England,ei
8,易,easy,eki/i/yasa-shii
8,延,prolong,en/no-biru/no-beru/no-basu
8,沿,run alongside,en/so-u
8,炎,inflammation,en/honoo
8,往,outward journey,ō
8,押,push,ō/o-su/o-saeru
8,旺,flourishing,ō
8,欧,Europe,ō
8,殴,assault,ō/nagu-ru
8,岡,hill,
8,佳,excellent,ka
8,価,value,ka/atai
8,果,fruit,ka/ha-tasu/ha-teru/ha-te
8,河,river,ka/kawa
8,苛,torment,ka
8,画,tableau,ga/kaku
8,芽,bud,ga/me
8,怪,suspicious,kai/aya-shii/aya-shimu
8,拐,kidnap,kai
8,劾,censure,gai
8,拡,broaden,kaku
8,学,study,gaku/mana-bu
8,岳,point,gaku/take
8,官,government official,kan
8,岸,beach,gan/kishi
8,岩,boulder,gan/iwa
8,玩,trifle with,gan
8,奇,strange,ki
8,祈,pray,ki/ino-ru
8,季,seasons,ki
8,宜,best regards,gi
8,泣,cry,kyū/na-ku
8,居,reside,kyo/i-ru
8,拒,repel,kyo/koba-mu
8,拠,foothold,kyo/ko
8,京,capital,kyō/kei
8,享,receive,kyō
8,供,offer,kyō/sona-eru/tomo
8,協,cooperation,kyō
8,況,condition,kyō
8,金,gold,kin/kon/kane
8,苦,suffer,ku/kuru-shii/kuru-shimu/kuru-shimeru/niga-i/niga-ru
8,具,tool,gu
8,空,sky,kū/sora/a-ku/a-keru/kara
8,屈,yield,kutsu
8,径,diameter,kei
8,茎,stalk,kei/kuki
8,券,ticket,ken
8,肩,shoulder,ken/kata
8,弦,bowstring,gen/tsuru
8,呼,call,ko/yo-bu
8,固,hard,ko/kata-meru/kata-maru/kata-i
8,股,crotch,ko/mata
8,虎,tiger,ko/tora
8,効,effect,kō/ki-ku
8,幸,happiness,kō/saiwa-i/sachi/shiawa-se
8,拘,arrest,kō
8,肯,agreement,kō
8,刻,engrave,koku/kiza-mu
8,国,country,koku/kuni
8,昆,descendants,kon
8,妻,wife,sai/tsuma
8,采,form,sai
8,刷,printing,satsu/su-ru
8,刹,temple,satsu/setsu
8,参,participate,san/mai-ru
8,使,use,shi/tsuka-u
8,刺,thorn,shi/sa-su/sa-saru
8,始,begin,shi/haji-meru/haji-maru
8,姉,older sister,shi/ane
8,枝,branch,shi/eda
8,祉,welfare,shi
8,肢,limb,shi
8,事,abstract thing,ji/koto
8,侍,waiter,ji/samurai
8,治,govern,ji/chi/osa-meru/osa-maru/nao-ru/nao-su
8,実,truth,jitsu/mi/mino-ru
8,舎,cottage,sha
8,者,someone,sha/mono
8,邪,wicked,ja
8,若,young,jaku/waka-i/mo-shikuha
8,取,take,shu/to-ru
8,受,accept,ju/u-keru/u-karu
8,呪,curse,ju/noro-u
8,周,circumference,shū/mawa-ri
8,宗,religion,shū/sō
8,叔,uncle,shuku
8,述,mention,jutsu/no-beru
8,所,place,sho/tokoro
8,尚,esteem,shō
8,招,beckon,shō/mane-ku
8,承,acquiesce,shō/uketamawa-ru
8,昇,rise up,shō/nobo-ru
8,松,pine,shō/matsu
8,沼,marsh,shō/numa
8,垂,droop,sui/ta-reru/ta-rasu
8,炊,cook,sui/ta-ku
8,枢,hinge,sū
8,制,control,sei
8,姓,surname,sei/shō
8,征,subjugate,sei
8,性,gender,sei/shō
8,青,blue,sei/ao/ao-i
8,斉,adjusted,sei
8,昔,long ago,seki/mukashi
8,析,chop,seki
8,拙,bungling,setsu/tsutana-i
8,狙,aim at,so/nera-u
8,阻,thwart,so/haba-mu
8,卒,graduate,sotsu
8,卓,eminent,taku
8,拓,clear (the land),taku
8,担,shouldering,tan/katsu-gu/nina-u
8,知,know,chi/shi-ru
8,宙,mid-air,chū
8,忠,loyalty,chū
8,抽,pluck,chū
8,注,pour,chū/soso-gu
8,長,long,chō/naga-i
8,直,straight,choku/jiki/tada-chini/nao-su/nao-ru
8,坪,two-mat area,tsubo
8,定,decide,tei/jō/sada-meru/sada-maru/sada-ka
8,底,bottom,tei/soko
8,抵,resist,tei
8,邸,residence,tei
8,泥,mud,dei/doro
8,的,target,teki/mato
8,迭,transfer,tetsu
8,典,code,ten
8,店,shop,ten/mise
8,妬,jealousy,to/neta-mu
8,東,east,tō/higashi
8,到,arrival,tō
8,毒,poison,doku
8,突,stab,totsu/tsu-ku
8,届,deliver,todo-keru/todo-ku
8,奈,what,na
8,乳,milk,nyū/chichi/chi
8,念,thought,nen
8,波,wave,ha/nami
8,拝,worship,hai/oga-mu
8,杯,counter for cupfuls,hai/sakazuki
8,拍,clap,haku
8,泊,overnight,haku/to-maru/to-meru
8,迫,urge,haku/sema-ru
8,板,board,han/ban/ita
8,版,printing block,han
8,彼,he,hi/kare
8,披,expose,hi
8,肥,fertilizer,hi/ko-eru/koe/ko-yasu/ko-yashi
8,非,negative,hi
8,泌,ooze,hitsu/hi
8,表,express,hyō/omote/arawa-su/arawa-reru
8,苗,seedling,byō/nae
8,府,urban prefecture,fu
8,怖,dreadful,fu/kowa-i
8,阜,mound,
8,附,affixed,fu
8,侮,scorn,bu/anado-ru
8,武,military,bu/mu
8,服,clothes,fuku
8,沸,seethe,futsu/wa-ku/wa-kasu
8,物,thing,butsu/motsu/mono
8,併,join,hei/awa-seru
8,並,line-up,hei/nami/nara-beru/nara-bu/nara-bini
8,歩,walk,ho/bu/aru-ku/ayu-mu
8,奉,observance,hō/tatematsu-ru
8,宝,treasure,hō/takara
8,抱,embrace,hō/da-ku/ida-ku/kaka-eru
8,放,release,hō/hana-su/hana-tsu/hana-reru/hō-ru
8,法,method,hō
8,泡,bubbles,hō/awa
8,房,tassel,bō/fusa
8,肪,obese,bō
8,牧,breed,boku/maki
8,奔,bustle,hon
8,妹,younger sister,mai/imōto
8,枚,sheet of...,mai
8,枕,pillow,makura
8,抹,rub,matsu
8,味,flavor,mi/aji/aji-wau
8,岬,headland,misaki
8,命,fate,mei/myō/inochi
8,明,bright,mei/myō/a-kari/aka-rui/aka-rumu/aka-ramu/aki-raka/a-keru/a-ku/a-kuru/a-kasu
8,免,excuse,men/manuka-reru
8,茂,overgrown,mo/shige-ru
8,盲,blind,mō
8,門,gates,mon/kado
8,夜,night,ya/yo/yoru
8,弥,all the more,ya
8,油,oil,yu/abura
8,拉,crush,ra
8,林,woods,rin/hayashi
8,例,example,rei/tato-eru
8,炉,hearth,ro
8,和,peace,wa/yawa-ragu/yawa-rageru/nago-mu/nago-yaka
8,枠,frame,waku
9,哀,pathetic,ai/awa-re/awa-remu
9,威,intimidate,i
9,為,do,i
9,畏,fear,i/oso-reru
9,胃,stomach,i
9,茨,thorn,
9,咽,throat,in
9,姻,matrimony,in
9,映,reflect,ei/utsu-ru/utsu-su/ha-eru
9,栄,prosperity,ei/saka-eru/ha-e/ha-eru
9,疫,epidemic,eki
9,怨,grudge,en/on
9,屋,roof,oku/ya
9,卸,wholesale,oro-su/oroshi
9,音,sound,on/in/oto/ne
9,科,section,ka
9,架,rack,ka/ka-keru/ka-karu
9,悔,repent,kai/ku-iru/ku-yamu/kuya-shii
9,海,sea,kai/umi
9,界,world,kai
9,皆,all,kai/mina
9,垣,hedge,kaki
9,柿,persimmon,kaki
9,革,leather,kaku/kawa
9,括,fasten,katsu
9,活,active,katsu
9,冠,crown,kan/kanmuri
9,巻,scroll,kan/ma-ku/maki
9,看,watch over,kan
9,紀,chronicle,ki
9,軌,rut,ki
9,客,guest,kyaku/kaku
9,逆,inverted,gyaku/saka/saka-rau
9,虐,tyrannize,gyaku/shiita-geru
9,急,hurry,kyū/iso-gu
9,級,rank,kyū
9,糾,twist,kyū
9,峡,gorge,kyō
9,挟,pinch,kyō/hasa-mu/hasa-maru
9,狭,cramped,kyō/sema-i/seba-meru/seba-maru
9,軍,army,gun
9,係,person in charge,kei/kaka-ru/kakari
9,型,model,kei/kata
9,契,pledge,kei/chigi-ru
9,計,measure,kei/haka-ru/haka-rau
9,建,build,ken/ta-teru/ta-tsu
9,研,sharpen,ken/to-gu
9,県,prefecture,ken
9,限,limit,gen/kagi-ru
9,孤,orphan,ko
9,弧,arc,ko
9,故,circumstances,ko/yue
9,枯,wither,ko/ka-reru/ka-rasu
9,後,behind,go/kō/nochi/ushi-ro/ato/oku-reru
9,侯,marquis,kō
9,厚,thick,kō/atsu-i
9,恒,constancy,kō
9,洪,deluge,kō
9,皇,emperor,kō/ō
9,紅,deep red,kō/beni/kurenai
9,荒,laid waste,kō/ara-i/a-reru/a-rasu
9,郊,outskirts,kō
9,香,incense,kō/ka/kao-ri/kao-ru
9,拷,torture,gō
9,恨,rancor,kon/ura-mu/ura-meshii
9,査,investigate,sa
9,砂,sand,sa/sha/suna
9,砕,smash,sai/kuda-ku/kuda-keru
9,削,plane,saku/kezu-ru
9,昨,previous,saku
9,柵,fence,saku
9,咲,blossom,sa-ku
9,拶,be imminent,satsu
9,姿,figure,shi/sugata
9,思,think,shi/omo-u
9,指,finger,shi/yubi/sa-su
9,施,carry out,shi/se/hodoko-su
9,持,hold,ji/mo-tsu
9,室,room,shitsu/muro
9,狩,hunt,shu/ka-ru/ka-ri
9,首,neck,shu/kubi
9,拾,pick up,shū/jū/hiro-u
9,秋,autumn,shū/aki
9,臭,stinking,shū/kusa-i/nio-u
9,柔,tender,jū/nyū/yawa-raka/yawa-rakai
9,重,heavy,jū/chō/e/omo-i/kasa-neru/kasa-naru
9,祝,celebrate,shuku/iwa-u
9,俊,genius,shun
9,春,springtime,shun/haru
9,盾,shield,jun/tate
9,叙,confer,jo
9,昭,shining,shō
9,乗,ride,jō/no-ru/no-seru
9,城,castle,jō/shiro
9,浄,clean,jō
9,拭,wipe,shoku/fu-ku/nugu-u
9,食,"eat, meal",shoku/ku-u/ku-rau/ta-beru
9,侵,encroach,shin/oka-su
9,信,trust,shin
9,津,haven,shin/tsu
9,神,god,shin/jin/kami
9,甚,tremendously,jin/hanaha-da/hanaha-dashii
9,帥,commander,sui
9,是,just so,ze
9,政,politics,sei/matsurigoto
9,星,star,sei/hoshi
9,牲,animal sacrifice,sei
9,省,government ministry,sei/shō/kaeri-miru/habu-ku
9,窃,stealth,setsu
9,宣,proclaim,sen
9,専,specialty,sen/moppa-ra
9,泉,spring,sen/izumi
9,浅,shallow,sen/asa-i
9,洗,wash,sen/ara-u
9,染,dye,sen/so-meru/so-maru/shi-miru/shi-mi
9,前,in front,zen/mae
9,祖,ancestor,so
9,奏,play music,sō/kana-deru
9,相,mutual,sō/shō/ai
9,荘,villa,sō
9,草,grass,sō/kusa
9,送,send,sō/oku-ru
9,促,stimulate,soku/unaga-su
9,則,rule,soku
9,俗,vulgar,zoku
9,耐,resistant,tai/ta-eru
9,待,wait,tai/ma-tsu
9,怠,neglect,tai/okota-ru/nama-keru
9,胎,womb,tai
9,退,retreat,tai/shirizo-ku/shirizo-keru
9,単,simple,tan
9,炭,charcoal,tan/sumi
9,胆,gall bladder,tan
9,段,steps,dan
9,茶,tea,cha/sa
9,昼,daytime,chū/hiru
9,柱,pillar,chū/hashira
9,挑,challenge,chō/ido-mu
9,勅,imperial order,choku
9,珍,rare,chin/mezura-shii
9,追,follow,tsui/o-u
9,亭,pavilion,tei
9,貞,upright,tei
9,帝,sovereign,tei
9,訂,revise,tei
9,点,point,ten
9,度,degrees,do/tabi
9,怒,angry,do/ika-ru/oko-ru
9,逃,escape,tō/ni-geru/ni-gasu/noga-su/noga-reru
9,洞,den,dō/hora
9,峠,mountain peak,tōge
9,独,alone,doku/hito-ri
9,栃,horse chestnut,
9,南,south,nan/minami
9,虹,rainbow,niji
9,派,sect,ha
9,背,back,hai/se/sei/somu-ku/somu-keru
9,肺,lungs,hai
9,畑,farm,hata/hatake
9,発,departure,hatsu/hotsu
9,卑,lowly,hi/iya-shii/iya-shimu/iya-shimeru
9,飛,fly,hi/to-bu/to-basu
9,眉,eyebrow,bi/mayu
9,美,beauty,bi/utsuku-shii
9,秒,second (part of time),byō
9,品,article,hin/shina
9,訃,obituary,fu
9,負,lose,fu/ma-keru/ma-kasu/o-u
9,赴,proceed,fu/omomu-ku
9,封,seal,fū/hō
9,風,wind,fū/kaze
9,柄,design,hei/gara/e
9,変,change,hen/ka-waru/ka-eru
9,便,convenience,ben/bin/tayo-ri
9,保,preserve,ho/tamo-tsu
9,胞,placenta,hō
9,某,so-and-so,bō
9,冒,risk,bō/oka-su
9,勃,rise,botsu
9,盆,basin,bon
9,昧,foolish,mai
9,迷,astray,mei/mayo-u
9,面,face,men/omo/omote/tsura
9,約,promise,yaku
9,勇,courage,yū/isa-mu
9,幽,seclude,yū
9,洋,ocean,yō
9,要,need,yō/kaname/i-ru
9,律,law,ritsu
9,柳,willow,ryū/yanagi
9,侶,companion,ryo
9,厘,thousandth,rin
9,郎,son,rō
10,挨,push open,ai
10,案,plan,an
10,員,member,in
10,院,institution,in
10,唄,song,
10,畝,furrow,une
10,浦,bay,ura
10,益,benefit,eki
10,悦,ecstasy,etsu
10,宴,banquet,en
10,桜,cherry tree,ō/sakura
10,翁,venerable old man,ō
10,俺,"I, we",ore
10,恩,grace,on
10,夏,summer,ka/natsu
10,家,house,ka/ke/ie/ya
10,荷,luggage,ka/ni
10,華,splendor,ka/hana
10,蚊,mosquito,ka
10,害,harm,gai
10,格,status,kaku
10,核,nucleus,kaku
10,株,stocks,kabu
10,釜,kettle,kama
10,陥,collapse,kan/ochii-ru/otoshii-reru
10,既,previously,ki/sude-ni
10,記,write down,ki/shiru-su
10,起,wake up,ki/o-kiru/o-koru/o-kosu
10,飢,hungry,ki/u-eru
10,鬼,ghost,ki/oni
10,帰,return,ki/kae-ru/kae-su
10,宮,Shinto shrine,kyū/gū/miya
10,挙,raise,kyo/a-geru/a-garu
10,恐,fear,kyō/oso-reru/oso-roshii
10,恭,respect,kyō/uyauya-shii
10,胸,bosom,kyō/mune
10,脅,threaten,kyō/obiya-kasu/odo-su/odo-kasu
10,訓,instruction,kun
10,郡,county,gun
10,恵,favor,kei/e/megu-mu
10,桁,beam,keta
10,倹,frugal,ken
10,兼,concurrently,ken/ka-neru
10,剣,sabre,ken/tsurugi
10,拳,fist,ken/kobushi
10,軒,flats,ken/noki
10,原,field,gen/hara
10,個,individual,ko
10,庫,warehouse,ko
10,娯,recreation,go
10,悟,enlightenment,go/sato-ru
10,候,climate,kō/sōrō
10,校,school,kō
10,耕,till,kō/tagaya-su
10,航,cruise,kō
10,貢,tribute,kō/mitsu-gu
10,降,descend,kō/o-riru/o-rosu/fu-ru
10,高,"tall, expensive",kō/taka-i/taka/taka-maru/taka-meru
10,剛,sturdy,gō
10,骨,bone,kotsu/hone
10,根,root,kon/ne
10,唆,tempt,sa/sosonoka-su
10,差,distinction,sa/sa-su
10,座,sit,za/suwa-ru
10,挫,sprain,za
10,宰,superintend,sai
10,栽,plantation,sai
10,剤,dose,zai
10,財,wealth,zai
10,索,cord,saku
10,殺,kill,satsu/koro-su
10,桟,scaffold,san
10,蚕,silkworm,san/kaiko
10,残,remainder,zan/noko-ru/noko-su
10,師,expert,shi
10,恣,selfish,shi
10,紙,paper,shi/kami
10,脂,fat,shi/abura
10,時,time,ji/toki
10,疾,rapidly,shitsu
10,射,shoot,sha/i-ru
10,借,borrow,shaku/ka-riru
10,酌,bartending,shaku/ku-mu
10,弱,weak,jaku/yowa-i/yowa-ru/yowa-maru/yowa-meru
10,殊,particularly,shu/koto
10,珠,pearl,shu
10,酒,alcoholic drink,shu/sake
10,修,discipline,shū/osa-meru/osa-maru
10,袖,sleeve,shū/sode
10,従,obey,jū/shitaga-u/shitaga-eru
10,准,quasi-,jun
10,殉,martyrdom,jun
10,純,genuine,jun
10,書,write,sho/ka-ku
10,徐,gradually,jo
10,除,exclude,jo/nozo-ku
10,宵,wee hours,shō/yoi
10,将,leader,shō
10,消,extinguish,shō/ki-eru/ke-su
10,症,symptoms,shō
10,祥,auspicious,shō
10,称,appellation,shō
10,笑,laugh,shō/wara-u/e-mu
10,辱,embarrass,joku/hazukashi-meru
10,唇,lips,shin/kuchibiru
10,娠,with child,shin
10,振,shake,shin/fu-ru/fu-rū/fu-reru
10,浸,immersed,shin/hita-su/hita-ru
10,真,true,shin/ma
10,針,needle,shin/hari
10,陣,camp,jin
10,粋,chic,sui/iki
10,衰,decline,sui/otoro-eru
10,凄,uncanny,sei
10,逝,departed,sei/yu-ku/i-ku
10,席,seat,seki
10,脊,stature,seki
10,隻,vessels,seki
10,扇,fan,sen/ōgi
10,栓,plug,sen
10,租,tariff,so
10,素,elementary,so/su
10,倉,warehouse,sō/kura
10,捜,search,sō/saga-su
10,挿,insert,sō/sa-su
10,桑,mulberry,sō/kuwa
10,造,create,zō/tsuku-ru
10,息,breath,soku/iki
10,捉,capture,soku/tora-eru
10,速,fast,soku/haya-i/haya-meru/haya-maru/sumi-yaka
10,孫,grandchild,son/mago
10,帯,sash,tai/o-biru/obi
10,泰,peaceful,tai
10,託,consign,taku
10,値,value,chi/ne/atai
10,恥,shame,chi/ha-jiru/haji/ha-jirau/ha-zukashii
10,致,(to) do,chi/ita-su
10,畜,livestock,chiku
10,逐,pursue,chiku
10,秩,regularity,chitsu
10,衷,inmost,chū
10,酎,sake,chū
10,捗,make progress,choku
10,朕,majestic plural,chin
10,通,pass through,tsū/too-ru/too-su/kayo-u
10,庭,garden,tei/niwa
10,逓,relay,tei
10,哲,philosophy,tetsu
10,展,expand,ten
10,徒,junior,to
10,途,route,to
10,倒,overthrow,tō/tao-reru/tao-su
10,凍,frozen,tō/koo-ru/kogo-eru
10,唐,T'ang,tō/kara
10,島,island,tō/shima
10,桃,peach tree,tō/momo
10,討,chastise,tō/u-tsu
10,透,transparent,tō/su-ku/su-kasu/su-keru
10,党,group,tō
10,胴,trunk,dō
10,匿,hide,toku
10,特,special,toku
10,悩,trouble,nō/naya-mu/naya-masu
10,納,settlement,nō/osa-meru/osa-maru
10,能,ability,nō
10,破,rend,ha/yabu-ru/yabu-reru
10,馬,horse,ba/uma
10,俳,haiku,hai
10,配,distribute,hai/kuba-ru
10,倍,double,bai
10,梅,ume (Japanese apricot),bai/ume
10,剝,peel,haku/ha-gasu/ha-gu/ha-gareru/ha-geru
10,班,squad,han
10,畔,paddy-ridge,han
10,般,generally,han
10,疲,exhausted,hi/tsuka-reru
10,秘,secret,hi/hi-meru
10,被,incur,hi/kōmu-ru
10,姫,princess,hime
10,俵,bag,hyō/tawara
10,病,sick,byō/ya-mu/yamai
10,浜,seacoast,hin/hama
10,敏,cleverness,bin
10,浮,floating,fu/u-ku/u-kareru/u-kabu/u-kaberu
10,粉,flour,fun/ko/kona
10,紛,distract,fun/magi-reru/magi-rasu/magi-rawasu/magi-rawashii
10,陛,highness,hei
10,勉,exertion,ben
10,哺,suckle,ho
10,捕,catch,ho/to-raeru/to-rawareru/to-ru/tsuka-maeru/tsuka-maru
10,俸,salary,hō
10,倣,emulate,hō/nara-u
10,峰,summit,hō/mine
10,砲,cannon,hō
10,剖,divide,bō
10,紡,spinning,bō/tsumu-gu
10,埋,bury,mai/u-meru/u-maru/u-moreru
10,脈,vein,myaku
10,眠,sleep,min/nemu-ru/nemu-i
10,娘,daughter,musume
10,冥,dark,mei/myō
10,耗,decrease,mō
10,紋,family crest,mon
10,容,contain,yō
10,浴,bathe,yoku/a-biru/a-biseru
10,流,stream,ryū/naga-reru/naga-su
10,留,detain,ryū/to-meru/to-maru
10,竜,dragon,ryū/tatsu
10,旅,trip,ryo/tabi
10,料,fee,ryō
10,倫,ethics,rin
10,涙,tears,rui/namida
10,烈,ardent,retsu
10,恋,romance,ren/ko-u/koi/koi-shii
10,連,take along,ren/tsura-naru/tsura-neru/tsu-reru
10,朗,melodious,rō/hoga-raka
10,浪,wandering,rō
10,脇,aside,waki
11,悪,bad,aku/o/waru-i
11,尉,military officer,i
11,異,uncommon,i/koto
11,移,shift,i/utsu-ru/utsu-su
11,萎,wither,i/na-eru
11,域,range,iki
11,逸,deviate,itsu
11,淫,lewdness,in/mida-ra
11,陰,shade,in/kage/kage-ru
11,液,fluid,eki
11,菓,confectionery,ka
11,貨,freight,ka
11,械,contraption,kai
11,崖,cliff,gai/gake
11,涯,horizon,gai
11,殻,husk,kaku/kara
11,郭,enclosure,kaku
11,掛,hang,ka-keru/ka-karu/kakari
11,喝,hoarse,katsu
11,渇,thirst,katsu/kawa-ku
11,乾,dry,kan/kawa-ku/kawa-kasu
11,勘,intuition,kan
11,患,afflicted,kan/wazura-u
11,貫,pierce,kan/tsuranu-ku
11,眼,eyeball,gan/manako
11,基,foundation,ki/moto/motoi
11,寄,approach,ki/yo-ru/yo-seru
11,規,rule,ki
11,亀,turtle,ki/kame
11,偽,falsehood,gi/itsuwa-ru/nise
11,菊,chrysanthemum,kiku
11,脚,leg,kyaku/ashi
11,救,salvation,kyū/suku-u
11,球,sphere,kyū/tama
11,虚,void,kyo
11,許,permit,kyo/yuru-su
11,魚,fish,gyo/uo/sakana
11,強,strong,kyō/gō/tsuyo-i/tsuyo-maru/tsuyo-meru/shi-iru
11,教,teach,kyō/oshi-eru/oso-waru
11,郷,home town,kyō/gō
11,菌,germ,kin
11,惧,dread,gu
11,偶,accidentally,gū
11,掘,dig,kutsu/ho-ru
11,啓,disclose,kei
11,掲,put up (a notice),kei/kaka-geru
11,渓,mountain stream,kei
11,経,manage,kei/kyō/he-ru
11,蛍,lightning-bug,kei/hotaru
11,健,healthy,ken/suko-yaka
11,険,precipitous,ken/kewa-shii
11,現,appear,gen/arawa-reru/arawa-su
11,舷,gunwale,gen
11,康,health,kō
11,控,withdraw,kō/hika-eru
11,梗,close up,kō
11,黄,yellow,kō/ō/ki
11,黒,black,koku/kuro/kuro-i
11,頃,times,koro
11,婚,marriage,kon
11,混,mix,kon/ma-jiru/ma-zaru/ma-zeru/ko-mu
11,痕,mark,kon/ato
11,紺,dark blue,kon
11,彩,coloring,sai/irodo-ru
11,採,pick,sai/to-ru
11,済,settle,sai/su-mu/su-masu
11,祭,festival,sai/matsu-ru/matsu-ri
11,斎,purification,sai
11,細,thin,sai/hoso-i/hoso-ru/koma-ka/koma-kai
11,菜,vegetable,sai/na
11,埼,cape (geography),
11,崎,promontory,saki
11,惨,wretched,san/zan/miji-me
11,産,give birth,san/u-mu/u-mareru/ubu
11,斬,kill by slicing,zan/ki-ru
11,視,look at,shi
11,鹿,deer,shika/roku
11,執,tenacious,shitsu/shū/to-ru
11,捨,throw away,sha/su-teru
11,赦,pardon,sha
11,斜,diagonal,sha/nana-me
11,蛇,snake,ja/da/hebi
11,釈,explanation,shaku
11,寂,loneliness,jaku/sabi/sabi-shii/sabi-reru
11,授,instruct,ju/sazu-keru/sazu-karu
11,終,end,shū/o-waru/o-eru
11,羞,feel ashamed,shū
11,習,learn,shū/nara-u
11,週,week,shū
11,渋,astringent,jū/shibu/shibu-i/shibu-ru
11,宿,inn,shuku/yado/yado-ru/yado-su
11,淑,graceful,shuku
11,粛,solemn,shuku
11,術,art,jutsu
11,庶,commoner,sho
11,唱,chant,shō/tona-eru
11,商,sell,shō/akina-u
11,渉,ford,shō
11,章,chapter,shō
11,紹,introduce,shō
11,訟,sue,shō
11,剰,surplus,jō
11,常,normal,jō/tsune/toko
11,情,feelings,jō/nasa-ke
11,深,deep,shin/fuka-i/fuka-maru/fuka-meru
11,紳,sire,shin
11,進,advance,shin/susu-mu/susu-meru
11,推,infer,sui/o-su
11,酔,drunk,sui/yo-u
11,崇,adore,sū
11,据,set,su-eru/su-waru
11,清,pure,sei/kiyo-i/kiyo-maru/kiyo-meru
11,盛,prosper,sei/mo-ru/saka-ru/saka-n
11,惜,pity,seki/o-shii/o-shimu
11,戚,grieve,seki
11,責,blame,seki/se-meru
11,接,contact,setsu/tsu-gu
11,設,establish,setsu/mō-keru
11,雪,snow,setsu/yuki
11,旋,rotation,sen
11,船,boat,sen/fune
11,措,set aside,so
11,粗,coarse,so/ara-i
11,組,association,so/ku-mu/kumi
11,巣,nest,sō/su
11,掃,sweep,sō/ha-ku
11,曹,cadet,sō
11,曽,formerly,sō
11,爽,refreshing,sō/sawa-yaka
11,窓,window,sō/mado
11,側,side,soku/gawa
11,族,tribe,zoku
11,率,rate,sotsu/ritsu/hiki-iru
11,唾,saliva,da/tsuba
11,堆,piled high,tai
11,袋,sack,tai/fukuro
11,逮,apprehend,tai
11,第,ordinal number prefix,dai
11,脱,undress,datsu/nu-gu/nu-geru
11,探,grope,tan/sagu-ru/saga-su
11,淡,thin,tan/awa-i
11,断,cut off,dan/ta-tsu/kotowa-ru
11,窒,plug up,chitsu
11,著,renowned,cho/arawa-su/ichijiru-shii
11,帳,account book,chō
11,張,stretch,chō/ha-ru
11,彫,carve,chō/ho-ru
11,眺,stare,chō/naga-meru
11,釣,angling,chō/tsu-ru
11,頂,place on the head,chō/itada-ku/itadaki
11,鳥,bird,chō/tori
11,陳,exhibit,chin
11,停,halt,tei
11,偵,spy,tei
11,笛,flute,teki/fue
11,添,annexed,ten/so-eru/so-u
11,転,revolve,ten/koro-garu/koro-geru/koro-gasu/koro-bu
11,都,metropolis,to/tsu/miyako
11,悼,lament,tō/ita-mu
11,盗,steal,tō/nusu-mu
11,陶,pottery,tō
11,動,move,dō/ugo-ku/ugo-kasu
11,堂,public chamber,dō
11,得,acquire,toku/e-ru/u-ru
11,豚,pork,ton/buta
11,貪,covet,don/musabo-ru
11,梨,pear tree,nashi
11,軟,soft,nan/yawa-raka/yawa-rakai
11,捻,twist,nen/hine-ru
11,粘,sticky,nen/neba-ru
11,脳,brain,nō
11,婆,old woman,ba
11,排,repudiate,hai
11,敗,failure,hai/yabu-reru
11,培,cultivate,bai/tsuchika-u
11,陪,obeisance,bai
11,舶,liner,haku
11,販,marketing,han
11,票,ballot,hyō
11,描,sketch,byō/ega-ku/ka-ku
11,猫,cat,byō/neko
11,貧,poor,hin/bin/mazu-shii
11,瓶,flower pot,bin
11,婦,lady,fu
11,符,token,fu
11,部,part,bu
11,副,vice,fuku
11,閉,closed,hei/to-jiru/to-zasu/shi-meru/shi-maru
11,偏,partial,hen/katayo-ru
11,崩,crumble,hō/kuzu-reru/kuzu-su
11,訪,visit,hō/otozu-reru/tazu-neru
11,望,hope,bō/mō/nozo-mu
11,堀,ditch,hori
11,麻,hemp,ma/asa
11,密,secrecy,mitsu
11,務,duty,mu/tsuto-meru/tsuto-maru
11,猛,fierce,mō
11,問,question,mon/to-u/to-i
11,野,field,ya/no
11,訳,translate,yaku/wake
11,唯,solely,yui
11,悠,permanence,yū
11,郵,mail,yū
11,庸,commonplace,yō
11,欲,longing,yoku/ho'-suru/ho-shii
11,翌,the following,yoku
11,理,reason,ri
11,陸,land,riku
11,略,abbreviation,ryaku
11,粒,grains,ryū/tsubu
11,隆,hump,ryū
11,涼,refreshing,ryō/suzu-shii/suzu-mu
11,猟,game-hunting,ryō
11,陵,mausoleum,ryō/misasagi
11,累,accumulate,rui
12,握,grip,aku/nigi-ru
12,嵐,storm,arashi
12,偉,admirable,i/era-i
12,椅,chair,i
12,飲,drink,in/no-mu
12,運,carry,un/hako-bu
12,雲,cloud,un/kumo
12,営,manage,ei/itona-mu
12,詠,recitation,ei/yo-mu
12,越,cross over,etsu/ko-su/ko-eru
12,媛,princess,en
12,援,aid,en
12,奥,heart,ō/oku
12,温,warm,on/atata-ka/atata-kai/atata-maru/atata-meru
12,渦,whirlpool,ka/uzu
12,過,go beyond,ka/su-giru/su-gosu/ayama-tsu/ayama-chi
12,賀,congratulations,ga
12,絵,picture,kai/e
12,開,open,kai/hira-ku/hira-keru/a-ku/a-keru
12,階,floor of a building,kai
12,街,street,gai/machi
12,覚,memorize,kaku/obo-eru/sa-masu/sa-meru
12,割,divide,katsu/wa-ru/wari/wa-reru/sa-ku
12,葛,arrowroot,katsu/kuzu
12,寒,cold,kan/samu-i
12,喚,yell,kan
12,堪,withstand,kan/ta-eru
12,換,interchange,kan/ka-eru/ka-waru
12,敢,daring,kan
12,棺,coffin,kan
12,款,goodwill,kan
12,間,interval,kan/ken/aida/ma
12,閑,leisure,kan
12,喜,rejoice,ki/yoroko-bu
12,幾,how many,ki/iku
12,揮,brandish,ki
12,期,period of time,ki
12,棋,chess piece,ki
12,貴,precious,ki/tatto-i/tōto-i/tatto-bu/tōto-bu
12,欺,deceit,gi/azamu-ku
12,喫,consume,kitsu
12,給,salary,kyū
12,距,long-distance,kyo
12,御,honorable,gyo/go/on
12,暁,daybreak,gyō/akatsuki
12,極,poles,kyoku/goku/kiwa-meru/kiwa-maru/kiwa-mi
12,勤,diligence,kin/tsuto-meru/tsuto-maru
12,琴,harp,kin/koto
12,筋,muscle,kin/suji
12,遇,interview,gū
12,隅,corner,gū/sumi
12,敬,respect,kei/uyama-u
12,景,scenery,kei
12,軽,light,kei/karu-i/karo-yaka
12,結,tie,ketsu/musu-bu/yu-u/yu-waeru
12,圏,sphere,ken
12,堅,strict,ken/kata-i
12,検,examine,ken
12,減,decrease,gen/he-ru/he-rasu
12,湖,lake,ko/mizūmi
12,雇,employ,ko/yato-u
12,喉,throat,kō/nodo
12,慌,disconcerted,kō/awa-teru/awa-tadashii
12,港,harbor,kō/minato
12,硬,stiff,kō/kata-i
12,絞,strangle,kō/shibo-ru/shi-meru/shi-maru
12,項,paragraph,kō
12,詐,lie,sa
12,最,most,sai/motto-mo
12,裁,judge,sai/ta-tsu/saba-ku
12,策,scheme,saku
12,酢,vinegar,saku/su
12,傘,umbrella,san/kasa
12,散,scatter,san/chi-ru/chi-rasu/chi-rakasu/chi-rakaru
12,紫,purple,shi/murasaki
12,詞,poetry,shi
12,歯,tooth,shi/ha
12,滋,nourishing,ji
12,軸,axis,jiku
12,湿,damp,shitsu/shime-ru/shime-su
12,煮,boil,sha/ni-ru/ni-eru/ni-yasu
12,就,concerning,shū/tsu-ku/tsu-keru
12,衆,masses,shū
12,集,collect,shū/atsu-maru/atsu-meru/tsudo-u
12,循,sequential,jun
12,順,obey,jun
12,暑,hot,sho/atsu-i
12,勝,win,shō/ka-tsu/masa-ru
12,掌,manipulate,shō
12,晶,sparkle,shō
12,焼,bake,shō/ya-ku/ya-keru
12,焦,char,shō/ko-geru/ko-gasu/ko-gareru/ase-ru
12,硝,nitrate,shō
12,粧,cosmetics,shō
12,詔,imperial edict,shō/mikotonori
12,証,evidence,shō
12,象,elephant,shō/zō
12,場,place,jō/ba
12,畳,tatami mat,jō/tata-mu/tatami
12,植,plant,shoku/u-eru/u-waru
12,殖,augment,shoku/fu-eru/fu-yasu
12,森,forest,shin/mori
12,診,checkup,shin/mi-ru
12,尋,inquire,jin/tazu-neru
12,須,by all means,su
12,遂,consummate,sui/to-geru
12,随,follow,zui
12,婿,bridegroom,sei/muko
12,晴,clear up,sei/ha-reru/ha-rasu
12,税,tax,zei
12,絶,discontinue,zetsu/ta-eru/ta-yasu/ta-tsu
12,善,good,zen/yo-i
12,然,so,zen/nen
12,疎,alienate,so/uto-i/uto-mu
12,訴,sue,so/utta-eru
12,創,create,sō/tsuku-ru
12,喪,miss,sō/mo
12,痩,get thin,sō/ya-seru
12,葬,interment,sō/hōmu-ru
12,装,attire,sō/shō/yosoo-u
12,測,fathom,soku/haka-ru
12,属,belong,zoku
12,尊,revered,son/tatto-i/tōto-i/tatto-bu/tōto-bu
12,堕,degenerate,da
12,惰,lazy,da
12,替,exchange,tai/ka-eru/ka-waru
12,貸,lend,tai/ka-su
12,隊,group,tai
12,達,attain,tatsu
12,棚,shelf,tana
12,短,short,tan/mijika-i
12,弾,bullet,dan/hi-ku/hazu-mu/tama
12,遅,slow,chi/oku-reru/oku-rasu/oso-i
12,着,wear,chaku/ki-ru/ki-seru/tsu-ku/tsu-keru
12,貯,savings,cho
12,朝,morning,chō/asa
12,貼,paste,chō/ha-ru
12,超,transcend,chō/ko-eru/ko-su
12,椎,oak,tsui
12,痛,pain,tsū/ita-i/ita-mu/ita-meru
12,塚,hillock,tsuka
12,堤,dike,tei/tsutsumi
12,提,present,tei/sa-geru
12,程,extent,tei/hodo
12,渡,transit,to/wata-ru/wata-su
12,塔,pagoda,tō
12,搭,board,tō
12,棟,ridgepole,tō/mune
12,湯,hot water,tō/yu
12,痘,pox,tō
12,登,climb,tō/to/nobo-ru
12,答,answer,tō/kota-eru/kota-e
12,等,class,tō/hito-shii
12,筒,cylinder,tō/tsutsu
12,統,unite,tō/su-beru
12,童,juvenile,dō/warabe
12,道,road,dō/michi
12,鈍,dull,don/nibu-i/nibu-ru
12,廃,abolish,hai/suta-reru/suta-ru
12,媒,mediator,bai
12,買,buy,bai/ka-u
12,博,Dr.,haku
12,斑,blemish,han
12,飯,meal,han/meshi
12,晩,nightfall,ban
12,番,one's turn,ban
12,蛮,barbarian,ban
12,悲,sad,hi/kana-shii/kana-shimu
12,扉,front door,hi/tobira
12,費,expense,hi/tsui-yasu/tsui-eru
12,備,provide,bi/sona-eru/sona-waru
12,筆,writing brush,hitsu/fude
12,評,evaluate,hyō
12,富,rich,fu/to-mu/tomi
12,普,universal,fu
12,幅,breadth,fuku/haba
12,復,again,fuku
12,雰,atmosphere,fun
12,塀,fence,hei
12,遍,everywhere,hen
12,補,supplement,ho/ogina-u
12,募,recruit,bo/tsuno-ru
12,報,report,hō/muku-iru
12,傍,bystander,bō/katawa-ra
12,帽,cap,bō
12,棒,rod,bō
12,貿,trade,bō
12,満,full,man/mi-chiru/mi-tasu
12,無,nothing,mu/bu/na-i
12,喩,metaphor,yu
12,愉,pleasure,yu
12,湧,boil,yū/wa-ku
12,猶,furthermore,yū
12,裕,abundant,yū
12,遊,play,yū/aso-bu
12,雄,male,yū/o/osu
12,揚,hoist,yō/a-geru/a-garu
12,揺,swing,yō/yu-reru/yu-ru/yu-ragu/yu-rugu/yu-suru/yu-saburu/yu-suburu
12,葉,leaf,yō/ha
12,陽,sunshine,yō
12,絡,entwine,raku/kara-mu/kara-maru/kara-meru
12,落,fall,raku/o-chiru/o-tosu
12,痢,diarrhea,ri
12,硫,sulphur,ryū
12,量,quantity,ryō/haka-ru
12,塁,bases,rui
12,裂,split,retsu/sa-ku/sa-keru
12,廊,corridor,rō
12,惑,beguile,waku/mado-u
12,湾,gulf,wan
12,腕,arm,wan/ude
13,愛,love,ai
13,暗,dark,an/kura-i
13,彙,same kind,i
13,意,idea,i
13,違,differ,i/chiga-u/chiga-eru
13,園,garden,en/sono
13,煙,smoke,en/kemu-ru/kemuri/kemu-i
13,猿,monkey,en/saru
13,遠,far,en/too-i
13,鉛,lead,en/namari
13,塩,salt,en/shio
13,虞,uneasiness,osore
13,嫁,marry into,ka/yome/totsu-gu
13,暇,spare time,ka/hima
13,禍,calamity,ka
13,靴,shoes,ka/kutsu
13,雅,gracious,ga
13,塊,clod,kai/katamari
13,楷,square character style,kai
13,解,untie,kai/ge/to-ku/to-kasu/to-keru
13,慨,rue,gai
13,蓋,cover,gai/futa
13,該,above-stated,gai
13,較,contrast,kaku
13,隔,isolate,kaku/heda-teru/heda-taru
13,楽,pleasure,gaku/raku/tano-shii/tano-shimu
13,滑,slippery,katsu/kotsu/sube-ru/name-raka
13,褐,brown,katsu
13,勧,persuade,kan/susu-meru
13,寛,tolerant,kan
13,幹,tree-trunk,kan/miki
13,感,feeling,kan
13,漢,China,kan
13,頑,stubborn,gan
13,棄,abandon,ki
13,毀,destroy,ki
13,義,righteousness,gi
13,詰,packed,kitsu/tsu-meru/tsu-maru/tsu-mu
13,嗅,smell,kyū/ka-gu
13,業,business,gyō/gō/waza
13,僅,a wee bit,kin/wazu-ka
13,禁,prohibition,kin
13,愚,foolish,gu/oro-ka
13,窟,cavern,kutsu
13,群,flock,gun/mu-reru/mu-re
13,傾,lean,kei/katamu-ku/katamu-keru
13,携,portable,kei/tazusa-eru/tazusa-waru
13,継,inherit,kei/tsu-gu
13,詣,visit a temple,kei/mō-deru
13,隙,fissure,geki/suki
13,傑,greatness,ketsu
13,嫌,dislike,ken/kira-u/iya
13,献,offering,ken
13,絹,silk,ken/kinu
13,遣,dispatch,ken/tsuka-u/tsuka-wasu
13,源,origin,gen/minamoto
13,誇,boast,ko/hoko-ru
13,鼓,drum,ko/tsuzumi
13,碁,Go,go
13,溝,gutter,kō/mizo
13,鉱,mineral,kō
13,傲,be proud,gō
13,債,bond,sai
13,催,sponsor,sai/moyoo-su
13,塞,obstruct,sai/soku/fusa-gu/fusa-garu
13,歳,year-end,sai
13,載,ride,sai/no-seru/no-ru
13,罪,guilt,zai/tsumi
13,搾,squeeze,saku/shibo-ru
13,嗣,heir,shi
13,試,test,shi/kokoro-miru/tame-su
13,詩,poem,shi
13,資,resources,shi
13,飼,domesticate,shi/ka-u
13,慈,mercy,ji/itsuku-shimu
13,辞,resign,ji/ya-meru
13,嫉,envy,shitsu
13,腫,tumor,shu/ha-reru/ha-rasu
13,愁,distress,shū/ure-eru/ure-i
13,酬,repay,shū
13,準,standard,jun
13,署,government office,sho
13,傷,wound,shō/kizu/ita-mu/ita-meru
13,奨,exhort,shō
13,照,illuminate,shō/te-ru/te-rasu/te-reru
13,詳,detailed,shō/kuwa-shii
13,蒸,steam,jō/mu-su/mu-reru/mu-rasu
13,飾,decorate,shoku/kaza-ru
13,触,contact,shoku/fu-reru/sawa-ru
13,寝,lie down,shin/ne-ru/ne-kasu
13,慎,humility,shin/tsutsushi-mu
13,新,new,shin/atara-shii/ara-ta/nii
13,腎,kidney,jin
13,睡,drowsy,sui
13,数,number,sū/kazu/kazo-eru
13,裾,cuff,suso
13,勢,power,sei/ikio-i
13,聖,holy,sei
13,誠,sincerity,sei/makoto
13,跡,tracks,seki/ato
13,摂,vicarious,setsu
13,節,node,setsu/fushi
13,戦,war,sen/ikusa/tataka-u
13,煎,broil,sen/i-ru
13,羨,envy,sen/uraya-mu/uraya-mashii
13,腺,gland,sen
13,詮,discussion,sen
13,践,tread,sen
13,禅,Zen,zen
13,塑,model,so
13,僧,Buddhist priest,sō
13,想,concept,sō
13,賊,burglar,zoku
13,続,continue,zoku/tsuzu-ku/tsuzu-keru
13,損,loss,son/soko-nau/soko-neru
13,滞,stagnate,tai/todokoo-ru
13,滝,waterfall,taki
13,嘆,sigh,tan/nage-ku/nage-kawashii
13,暖,warmth,dan/atata-ka/atata-kai/atata-maru/atata-meru
13,痴,stupid,chi
13,稚,immature,chi
13,置,put,chi/o-ku
13,蓄,amass,chiku/takuwa-eru
13,腸,intestines,chō
13,跳,hop,chō/ha-neru/to-bu
13,賃,fare,chin
13,艇,rowboat,tei
13,溺,drown,deki/obo-reru
13,鉄,iron,tetsu
13,塡,fill in,ten
13,殿,Mr.,den/ten/tono/dono
13,電,electricity,den
13,塗,paint,to/nu-ru
13,働,work,dō/hatara-ku
13,督,coach,toku
13,頓,suddenly,ton
13,農,farming,nō
13,漠,vague,baku
13,鉢,bowl,hachi
13,搬,conveyor,han
13,煩,anxiety,han/wazura-u/wazura-wasu
13,頒,partition,han
13,微,delicate,bi
13,福,luck,fuku
13,腹,abdomen,fuku/hara
13,墓,grave,bo/haka
13,蜂,bee,hō/hachi
13,豊,bountiful,hō/yuta-ka
13,飽,sated,hō/a-kiru/a-kasu
13,睦,harmonious,boku
13,幕,curtain,maku/baku
13,夢,dream,mu/yume
13,盟,alliance,mei
13,滅,destroy,metsu/horo-biru/horo-bosu
13,誉,reputation,yo/homa-re
13,預,deposit,yo/azu-keru/azu-karu
13,溶,melt,yō/to-keru/to-kasu/to-ku
13,腰,loins,yō/koshi
13,裸,naked,ra/hadaka
13,雷,thunder,rai/kaminari
13,酪,dairy products,raku
13,裏,back,ri/ura
13,慄,fear,ritsu
13,虜,captive,ryo
13,鈴,small bell,rei/rin/suzu
13,零,zero,rei
13,廉,bargain,ren
13,賂,bribe,ro
13,路,road,ro/ji
13,楼,watchtower,rō
13,話,talk,wa/hana-su/hanashi
13,賄,bribe,wai/makana-u
14,維,fiber,i
14,隠,conceal,in/kaku-su/kaku-reru
14,駅,station,eki
14,演,perform,en
14,寡,widow,ka
14,歌,song,ka/uta/uta-u
14,箇,counters for things,ka
14,概,outline,gai
14,閣,tall,kaku
14,慣,accustomed,kan/na-reru/na-rasu
14,管,pipe,kan/kuda
14,関,related,kan/seki/kaka-waru
14,旗,national flag,ki/hata
14,疑,doubt,gi/utaga-u
14,漁,fishing,gyo/ryō
14,境,boundary,kyō/sakai
14,銀,silver,gin
14,駆,drive,ku/ka-keru/ka-ru
14,熊,bear,kuma
14,語,language,go/kata-ru/kata-rau
14,誤,mistake,go/ayama-ru
14,構,construct,kō/kama-eru/kama-u
14,綱,hawser,kō/tsuna
14,酵,fermentation,kō
14,豪,overpowering,gō
14,穀,cereals,koku
14,酷,cruel,koku
14,獄,prison,goku
14,魂,soul,kon/tamashii
14,際,occasion,sai/kiwa
14,察,guess,satsu
14,雑,miscellaneous,zatsu/zō
14,算,calculate,san
14,酸,acid,san/su-i
14,誌,document,shi
14,雌,feminine,shi/me/mesu
14,磁,magnet,ji
14,漆,lacquer,shitsu/urushi
14,遮,intercept,sha/saegi-ru
14,種,kind,shu/tane
14,需,demand,ju
14,銃,gun,jū
14,塾,cram school,juku
14,緒,thong,sho/o
14,彰,patent,shō
14,障,hurt,shō/sawa-ru
14,精,refined,sei
14,製,manufacture,sei
14,誓,vow,sei/chika-u
14,静,quiet,sei/shizu/shizu-ka/shizu-maru/shizu-meru
14,説,theory,setsu/to-ku
14,箋,paper,sen
14,銭,coin,sen/zeni
14,漸,steadily,zen
14,遡,go upstream,so/sakanobo-ru
14,層,stratum,sō
14,総,whole,sō
14,遭,encounter,sō/a-u
14,像,statue,zō
14,増,increase,zō/ma-su/fu-eru/fu-yasu
14,憎,hate,zō/niku-mu/niku-i/niku-rashii/niku-shimi
14,遜,humble,son
14,駄,burdensome,da
14,態,condition,tai
14,奪,rob,datsu/uba-u
14,端,edge,tan/hashi/ha/hata
14,綻,rip,tan/hokoro-biru
14,嫡,legitimate wife,chaku
14,徴,indications,chō
14,漬,pickling,tsu-keru/tsu-karu
14,摘,pinch,teki/tsu-mu
14,滴,drip,teki/shizuku/shitata-ru
14,適,suitable,teki
14,稲,rice plant,tō/ine
14,銅,copper,dō
14,徳,benevolence,toku
14,読,read,doku/toku/yo-mu
14,認,recognize,nin/mito-meru
14,寧,rather,nei
14,髪,hair of the head,hatsu/kami
14,罰,penalty,batsu/bachi
14,閥,clique,batsu
14,碑,tombstone,hi
14,鼻,nose,bi/hana
14,漂,drift,hyō/tadayo-u
14,腐,rot,fu/kusa-ru/kusa-reru/kusa-rasu
14,複,duplicate,fuku
14,聞,hear,bun/mon/ki-ku/ki-koeru
14,蔑,ignore,betsu/sagesu-mu
14,慕,pining,bo/shita-u
14,暮,livelihood,bo/ku-reru/ku-rasu
14,貌,appearance,bō
14,僕,me,boku
14,墨,black ink,boku/sumi
14,膜,membrane,maku
14,慢,ridicule,man
14,漫,cartoon,man
14,蜜,honey,mitsu
14,銘,inscription,mei
14,鳴,chirp,mei/na-ku/na-ru/na-rasu
14,綿,cotton,men/wata
14,模,imitation,mo/bo
14,網,netting,mō/ami
14,誘,entice,yū/saso-u
14,様,formal title,yō/sama
14,瘍,boil (medical),yō
14,踊,jump,yō/odo-ru/odo-ri
14,辣,bitter,ratsu
14,僚,colleague,ryō
14,領,territory,ryō
14,緑,green,ryoku/midori
14,瑠,lapis lazuli,ru
14,暦,calendar,reki/koyomi
14,歴,curriculum,reki
14,練,practice,ren/ne-ru
14,漏,leak,rō/mo-ru/mo-reru/mo-rasu
15,慰,consolation,i/nagusa-meru/nagusa-mu
15,遺,bequeath,i
15,影,shadow,ei/kage
15,鋭,pointed,ei/surudo-i
15,謁,audience,etsu
15,閲,review,etsu
15,縁,affinity,en/fuchi
15,横,side,ō/yoko
15,億,hundred million,oku
15,稼,earnings,ka/kase-gu
15,課,section,ka
15,餓,starve,ga
15,潰,crush,kai/tsubu-su/tsubu-reru
15,確,certain,kaku/tashi-ka/tashi-kameru
15,潟,lagoon,kata
15,歓,delight,kan
15,監,oversee,kan
15,緩,slacken,kan/yuru-i/yuru-yaka/yuru-mu/yuru-meru
15,器,container,ki/utsuwa
15,畿,capital,ki
15,輝,radiance,ki/kagaya-ku
15,儀,ceremony,gi
15,戯,frolic,gi/tawamu-reru
15,窮,hard up,kyū/kiwa-meru/kiwa-maru
15,緊,tense,kin
15,勲,meritorious deed,kun
15,慶,jubilation,kei
15,憬,long for,kei
15,稽,consider,kei
15,劇,drama,geki
15,撃,beat,geki/u-tsu
15,潔,undefiled,ketsu/isagiyo-i
15,権,rights,ken
15,稿,draft,kō
15,駒,horse,koma
15,撮,snapshot,satsu/to-ru
15,賛,approve,san
15,暫,temporarily,zan
15,摯,seriousness,shi
15,賜,grant,shi/tamawa-ru
15,餌,bait,ji/esa/e
15,質,quality,shitsu/shichi
15,趣,gist,shu/omomuki
15,熟,ripen,juku/u-reru
15,潤,wet,jun/uruo-u/uruo-su/uru-mu
15,遵,abide by,jun
15,諸,various,sho
15,憧,desire,shō/akoga-reru
15,衝,collide,shō
15,賞,prize,shō
15,縄,straw rope,jō/nawa
15,嘱,entrust,shoku
15,審,examine,shin
15,震,quake,shin/furu-u/furu-eru
15,穂,ear,sui/ho
15,請,solicit,sei/ko-u/u-keru
15,潜,submerge,sen/hiso-mu/mogu-ru
15,線,line,sen
15,遷,transition,sen
15,選,choose,sen/era-bu
15,槽,vat,sō
15,踪,remains,sō
15,蔵,warehouse,zō/kura
15,諾,consent,daku
15,誰,who (question word),dare
15,誕,nativity,tan
15,談,discuss,dan
15,鋳,casting,chū/i-ru
15,駐,stop-over,chū
15,嘲,ridicule,chō/azake-ru
15,潮,tide,chō/shio
15,澄,lucidity,chō/su-mu/su-masu
15,調,investigate,chō/shira-beru/totono-u/totono-eru
15,墜,crash,tsui
15,締,tighten,tei/shi-maru/shi-meru
15,敵,enemy,teki/kataki
15,徹,penetrate,tetsu
15,撤,remove,tetsu
15,踏,step,tō/fu-mu/fu-maeru
15,導,guide,dō/michibi-ku
15,熱,heat,netsu/atsu-i
15,罵,insult,ba/nonoshi-ru
15,輩,comrade,hai
15,賠,compensation,bai
15,箱,box,hako
15,箸,chopsticks,hashi
15,範,pattern,han
15,盤,tray,ban
15,罷,quit,hi
15,膝,knee,hiza
15,標,signpost,hyō
15,賓,V.I.P.,hin
15,敷,spread,fu/shi-ku
15,膚,skin,fu
15,賦,levy,fu
15,舞,dance,bu/ma-u/mai
15,噴,erupt,fun/fu-ku
15,墳,tomb,fun
15,憤,aroused,fun/ikidoo-ru
15,幣,cash,hei
15,弊,abuse,hei
15,蔽,cover,hei
15,餅,mochi rice cake,hei/mochi
15,編,compile,hen/a-mu
15,舗,pavement,ho
15,褒,praise,hō/ho-meru
15,暴,outburst,bō/aba-ku/aba-reru
15,撲,slap,boku
15,摩,chafe,ma
15,魅,fascination,mi
15,黙,silence,moku/dama-ru
15,憂,melancholy,yū/ure-eru/ure-i/u-i
15,窯,kiln,yō/kama
15,養,foster,yō/yashina-u
15,履,footgear,ri/ha-ku
15,璃,glassy,ri
15,慮,prudence,ryo
15,寮,dormitory,ryō
15,輪,wheel,rin/wa
15,霊,spirits,rei/ryō/tama
15,論,theory,ron
16,緯,horizontal,i
16,衛,defense,ei
16,憶,recollection,oku
16,穏,calm,on/oda-yaka
16,壊,demolition,kai/kowa-su/kowa-reru
16,懐,pocket,kai/futokoro/natsu-kashii/natsu-kashimu/natsu-ku/natsu-keru
16,諧,harmony,kai
16,骸,dead remains,gai
16,獲,seize,kaku/e-ru
16,憾,remorse,kan
16,還,send back,kan
16,館,public building,kan/yakata
16,機,machine,ki/hata
16,橋,bridge,kyō/hashi
16,凝,congeal,gyō/ko-ru/ko-rasu
16,錦,brocade,kin/nishiki
16,薫,fragrant,kun/kao-ru
16,憩,recess,kei/iko-i/iko-u
16,激,violent,geki/hage-shii
16,憲,constitution,ken
16,賢,intelligent,ken/kashiko-i
16,錮,tie up,ko
16,興,entertain,kō/kyō/oko-ru/oko-su
16,衡,equilibrium,kō
16,鋼,steel,kō/hagane
16,墾,ground-breaking,kon
16,錯,confused,saku
16,諮,consult with,shi/haka-ru
16,儒,Confucian,ju
16,樹,trees,ju
16,獣,animal,jū/kemono
16,縦,vertical,jū/tate
16,壌,lot,jō
16,嬢,lass,jō
16,錠,lock,jō
16,薪,fuel,shin/takigi
16,親,parent,shin/oya/shita-shii/shita-shimu
16,整,put in order,sei/totono-eru/totono-u
16,醒,be disillusioned,sei
16,積,accumulate,seki/tsu-mu/tsu-moru
16,薦,recommend,sen/susu-meru
16,膳,tray,zen
16,操,maneuver,sō/misao/ayatsu-ru
16,濁,voiced,daku/nigo-ru/nigo-su
16,壇,podium,dan
16,緻,fine (not coarse),chi
16,築,fabricate,chiku/kizu-ku
16,諦,abandon,tei/akira-meru
16,賭,gamble,to/ka-keru
16,糖,sugar,tō
16,頭,head,tō/zu/atama/kashira
16,篤,fervent,toku
16,曇,cloudy weather,don/kumo-ru
16,燃,burn,nen/mo-eru/mo-yasu/mo-su
16,濃,concentrated,nō/ko-i
16,薄,dilute,haku/usu-i/usu-meru/usu-maru/usu-ragu/usu-reru
16,縛,truss,baku/shiba-ru
16,繁,luxuriant,han
16,避,evade,hi/sa-keru
16,奮,stirred up,fun/furu-u
16,壁,wall,heki/kabe
16,縫,sew,hō/nu-u
16,膨,swell,bō/fuku-ramu/fuku-reru
16,謀,conspire,bō/haka-ru
16,頰,cheek,hoo
16,磨,grind,ma/miga-ku
16,麺,noodles,men
16,薬,medicine,yaku/kusuri
16,諭,rebuke,yu/sato-su
16,輸,transport,yu
16,融,dissolve,yū
16,擁,embrace,yō
16,謡,noh chanting,yō/utai/uta-u
16,頼,trust,rai/tano-mu/tano-moshii/tayo-ru
16,隣,neighboring,rin/tona-ru/tonari
16,隷,slave,rei
16,錬,tempering,ren
16,録,record,roku
17,曖,not clear,ai
17,臆,timidity,oku
17,嚇,menacing,kaku
17,轄,control,katsu
17,環,ring,kan
17,擬,mimic,gi
17,犠,sacrifice,gi
17,矯,rectify,kyō/ta-meru
17,謹,discreet,kin/tsutsushi-mu
17,謙,self-effacing,ken
17,鍵,key,ken/kagi
17,厳,strict,gen/ogoso-ka/kibi-shii
17,講,lecture,kō
17,購,subscription,kō
17,懇,sociable,kon/nengo-ro
17,擦,grate,satsu/su-ru/su-reru
17,謝,apologize,sha/ayama-ru
17,爵,baron,shaku
17,醜,ugly,shū/miniku-i
17,縮,shrink,shuku/chiji-mu/chiji-maru/chiji-meru/chiji-reru/chiji-rasu
17,償,reparation,shō/tsuguna-u
17,礁,reef,shō
17,績,exploits,seki
17,繊,slender,sen
17,鮮,fresh,sen/aza-yaka
17,燥,parch,sō
17,霜,frost,sō/shimo
17,戴,be crowned with,tai
17,濯,laundry,taku
17,鍛,forge,tan/kita-eru
17,聴,listen,chō/ki-ku
17,謄,mimeograph,tō
17,瞳,pupil,dō/hitomi
17,謎,riddle,nazo
17,鍋,pot,nabe
17,頻,repeatedly,hin
17,闇,darkness,yami
17,優,superior,yū/yasa-shii/sugu-reru
17,翼,wing,yoku/tsubasa
17,覧,perusal,ran
17,療,heal,ryō
17,瞭,clear,ryō
17,齢,age,rei
18,穫,harvest,kaku
18,額,amount,gaku/hitai
18,顎,jaw,gaku/ago
18,鎌,sickle,kama
18,簡,simplicity,kan
18,観,observe,kan
18,韓,Korea,kan
18,顔,face,gan/kao
18,騎,equestrian,ki
18,襟,collar,kin/eri
18,繭,cocoon,ken/mayu
18,顕,appear,ken
18,験,test,ken
18,鎖,chain,sa/kusari
18,瞬,wink,shun/matata-ku
18,織,weave,shoku/shiki/o-ru
18,職,employment,shoku
18,繕,darning,zen/tsukuro-u
18,礎,cornerstone,so/ishizue
18,騒,boisterous,sō/sawa-gu
18,贈,presents,zō/oku-ru
18,題,topic,dai
18,懲,penal,chō/ko-riru/ko-rasu/ko-rashimeru
18,鎮,tranquilize,chin/shizu-meru/shizu-maru
18,藤,wisteria,tō/fuji
18,闘,fight,tō/tataka-u
18,難,difficult,nan/kata-i/muzuka-shii
18,藩,clan,han
18,覆,capsize,fuku/oo-u/kutsugae-su/kutsugae-ru
18,璧,sphere,heki
18,癖,mannerism,heki/kuse
18,翻,flip,hon/hirugae-ru/hirugae-su
18,癒,healing,yu/i-eru/i-yasu
18,曜,day of the week,yō
18,濫,excessive,ran
18,藍,indigo,ran/ai
18,糧,provisions,ryō/kate
18,臨,look to,rin/nozo-mu
18,類,sort,rui/tagu-i
19,韻,rhyme,in
19,艶,glossy,en/tsuya
19,願,request,gan/nega-u
19,鏡,mirror,kyō/kagami
19,繰,winding,ku-ru
19,警,guard against,kei
19,鶏,chicken,kei/niwatori
19,鯨,whale,gei/kujira
19,璽,emperor's seal,ji
19,識,discriminating,shiki
19,蹴,kick,shū/ke-ru
19,髄,marrow,zui
19,瀬,rapids,se
19,藻,seaweed,sō/mo
19,臓,entrails,zō
19,覇,hegemony,ha
19,爆,explode,baku
19,譜,musical score,fu
19,簿,register,bo
19,霧,fog,mu/kiri
19,羅,gauze,ra
19,離,detach,ri/hana-reru/hana-su
19,麗,lovely,rei/uruwa-shii
19,麓,foot of a mountain,roku/fumoto
20,議,deliberation,gi
20,競,compete,kyō/kei/kiso-u/se-ru
20,響,echo,kyō/hibi-ku
20,懸,suspend,ken/ka-keru/ka-karu
20,護,safeguard,go
20,鐘,bell,shō/kane
20,譲,defer,jō/yuzu-ru
20,醸,brew,jō/kamo-su
20,籍,enroll,seki
20,騰,inflation,tō
20,欄,column,ran
21,艦,warship,kan
21,顧,look back,ko/kaeri-miru
21,鶴,crane,tsuru
21,魔,witch,ma
21,躍,leap,yaku/odo-ru
21,露,dew,ro/tsuyu
22,驚,wonder,kyō/odoro-ku/odoro-kasu
22,襲,attack,shū/oso-u
22,籠,basket,rō/kago/ko-moru
23,鑑,specimen,kan/kanga-miru
29,鬱,gloom,utsu

