kanji,meaning,readings
一,one,ichi/itsu/hito/hito-tsu
乙,the latter,otsu
九,nine,kyū/ku/kokono/kokono-tsu
七,seven,shichi/nana/nana-tsu
十,ten,jū/ji'/too/to
人,person,jin/nin/hito
丁,ward,chō/tei
刀,sword,tō/katana
二,two,ni/futa/futa-tsu
入,enter,nyū/i-ru/i-reru/hai-ru
八,eight,hachi/ya/ya-tsu/ya'-tsu
又,or again,mata
了,finish,ryō
力,power,ryoku/riki/chikara
下,below,ka/ge/shita/shimo/moto/sa-geru/sa-garu/kuda-ru/kuda-su/kuda-saru/o-rosu/o-riru
干,dry,kan/ho-su/hi-ru
丸,circle,gan/maru/maru-i/maru-meru
久,long time,kyū/hisa-shii
及,reach out,kyū/oyo-bu/oyo-bi/oyo-bosu
弓,"bow (archery, violin)",kyū/yumi
巾,towel,kin
己,self,ko/ki/onore
口,mouth,kō/ku/kuchi
工,craft,kō/ku
乞,beg,ko-u
才,genius,sai
三,three,san/mi/mi-tsu/mi'-tsu
山,mountain,san/yama
士,gentleman,shi
子,child,shi/su/ko
女,woman,jo/nyo/onna/me
小,small,shō/chii-sai/ko/o
上,up,jō/ue/kami/a-geru/a-garu/nobo-ru/nobo-seru/nobo-su
丈,length,jō/take
刃,blade,jin/ha
寸,measurement,sun
夕,evening,seki/yū
千,thousand,sen/chi
川,river,sen/kawa
大,large,dai/tai/oo/oo-kii/oo-ini
土,soil,do/to/tsuchi
亡,deceased,bō/na-i
凡,mediocre,bon
万,ten thousand,man/ban
与,give,yo/ata-eru
引,pull,in/hi-ku/hi-keru
円,"round, yen",en/maru-i
王,king,ō
化,change,ka/ke/ba-keru/ba-kasu
火,fire,ka/hi
牙,tusk,ga/kiba
介,jammed in,kai
刈,reap,ka-ru
牛,cow,gyū/ushi
凶,villain,kyō
斤,axe,kin
区,ward,ku
欠,lack,ketsu/ka-keru/ka-ku
月,"month, moon",getsu/gatsu/tsuki
犬,dog,ken/inu
元,origin,gen/gan/moto
幻,phantasm,gen/maboroshi
戸,door,ko/to
五,five,go/itsu/itsu-tsu
互,mutually,go/taga-i
午,noon,go
公,public,kō/ooyake
勾,capture,kō
孔,cavity,kō
今,now,kon/kin/ima
支,branch,shi/sasa-eru
止,stop,shi/to-maru/to-meru
氏,family name,shi/uji
尺,shaku,shaku
手,hand,shu/te
収,take in,shū/osa-meru/osa-maru
升,measuring box,shō/masu
少,few,shō/suku-nai/suko-shi
冗,superfluous,jō
心,heart,shin/kokoro
仁,humanity,jin
水,water,sui/mizu
井,well,sei/i
切,cut,setsu/ki-ru/ki-reru
双,pair,sō/futa
太,thick,tai/ta/futo-i/futo-ru
丹,cinnabar,tan
中,middle,chū/naka
弔,condolences,chō/tomura-u
爪,claw,tsume
天,heaven,ten/ame
斗,Big Dipper,to
屯,barracks,ton
内,inside,nai/uchi
匂,scent,nio-u
日,day,nichi/jitsu/hi/ka
反,anti-,han/so-ru/so-rasu
比,compare,hi/kura-beru
匹,equal,hitsu/hiki
不,non-,fu/bu
夫,husband,fu/otto
父,father,fu/chichi
仏,Buddha,butsu/hotoke
分,"part, minute of time",bun/fun/bu/wa-keru/wa-kareru/wa-karu/wa-katsu
文,writing,bun/mon/fumi
片,one-sided,hen/kata
方,direction,hō/kata
乏,scarce,bō/tobo-shii
木,tree,boku/moku/ki
毛,hair,mō/ke
厄,unlucky,yaku
友,friend,yū/tomo
予,in advance,yo
六,six,roku/mu/mu-tsu/mu'-tsu
圧,pressure,atsu
以,by means of,i
右,right (direction),u/yū/migi
永,eternity,ei/naga-i
凹,concave,ō
央,center,ō
加,add,ka/kuwa-eru/kuwa-waru
可,possible,ka
瓦,tile,ga/kawara
外,outside,gai/ge/soto/hoka/hazu-su/hazu-reru
且,moreover,ka-tsu
刊,publish,kan
甘,sweet,kan/ama-i/ama-eru/ama-yakasu
丘,hill,kyū/oka
旧,old times,kyū
去,leave,kyo/ko/sa-ru
巨,gigantic,kyo
玉,ball,gyoku/tama
句,phrase,ku
兄,older brother,kei/ani
穴,hole,ketsu/ana
玄,mysterious,gen
古,old,ko/furu-i/furu-su
功,achievement,kō
巧,adroit,kō/taku-mi
広,wide,kō/hiro-i/hiro-maru/hiro-meru/hiro-garu/hiro-geru
甲,armor,kō/kan
号,number,gō
込,crowded,ko-mu/ko-meru
左,left (direction),sa/hidari
冊,counter for books,satsu/saku
札,tag,satsu/fuda
皿,dish,sara
仕,do,shi/tsuka-eru
史,history,shi
司,director,shi
四,four,shi/yo/yo-tsu/yo'-tsu/yon
市,market,shi/ichi
矢,arrow,shi/ya
示,indicate,ji/shi/shime-su
�,scold,shitsu/shika-ru
失,lose,shitsu/ushina-u
写,copy,sha/utsu-su/utsu-ru
主,master,shu/nushi/omo
囚,captured,shū
汁,soup,jū/shiru
出,exit,shutsu/de-ru/da-su
処,dispose,sho
召,summon,shō/me-su
尻,buttocks,shiri
申,say,shin/mō-su
世,world,sei/se/yo
正,correct,sei/shō/tada-shii/tada-su/masa
生,life,sei/shō/i-kiru/i-kasu/i-keru/u-mareru/u-mu/o-u/ha-eru/ha-yasu/ki/nama
斥,reject,seki
石,stone,seki/ishi
仙,hermit,sen
占,fortune telling,sen/shi-meru/urana-u
他,other,ta/hoka
打,hit,da/u-tsu
代,substitute,dai/tai/ka-waru/ka-eru/yo/shiro
台,pedestal,dai/tai
旦,daybreak,tan/dan
庁,government office,chō
田,rice paddy,den/ta
奴,guy,do
冬,winter,tō/fuyu
凸,convex,totsu
丼,bowl of food,donburi
尼,nun,ni/ama
白,white,haku/byaku/shiro/shiro-i
半,half,han/naka-ba
氾,spread out,han
犯,crime,han/oka-su
皮,skin,hi/kawa
必,without fail,hitsu/kanara-zu
氷,ice,hyō/koori/hi
付,attach,fu/tsu-keru/tsu-ku
布,linen,fu/nuno
払,pay,futsu/hara-u
丙,third class,hei
平,flat,hei/byō/tai-ra/hira
辺,environs,hen/ata-ri/be
弁,valve,ben
母,mother,bo/haha
包,wrap,hō/tsutsu-mu
北,north,hoku/kita
本,book,hon/moto
末,end,matsu/batsu/sue
未,not yet,mi
民,people,min/tami
矛,halberd,mu/hoko
目,eye,moku/me
由,reason,yu/yū/yoshi
幼,infancy,yō/osana-i
用,use,yō/mochi-iru
立,stand up,ritsu/ta-tsu/ta-teru
令,orders,rei
礼,thanks,rei/rai
扱,handle,atsuka-u
安,cheap,an/yasu-i
衣,clothes,i/koromo
芋,potato,imo
印,mark,in/shirushi
因,cause,in/yo-ru
宇,eaves,u
羽,feather,u/ha/hane
汚,dirty,o/kega-su/kega-reru/kega-rawashii/yogo-su/yogo-reru/kitana-i
仮,temporary,ka/kari
回,times,kai/mawa-ru/mawa-su
灰,ashes,kai/hai
会,association,kai/e/a-u
各,each,kaku/onoono
汗,sweat,kan/ase
缶,tin can,kan
企,plan,ki/kuwada-teru
伎,deed,ki
危,dangerous,ki/abu-nai/aya-ui/aya-bumu
机,desk,ki/tsukue
気,feeling,ki/ke
吉,good luck,kichi/kitsu
休,rest,kyū/yasu-mu/yasu-maru/yasu-meru
吸,suck,kyū/su-u
朽,decay,kyū/ku-chiru
臼,mortar,kyū/usu
共,together,kyō/tomo
叫,shout,kyō/sake-bu
仰,face-up,gyō/ao-gu/oo-se
曲,musical composition,kyoku/ma-garu/ma-geru
刑,punish,kei
血,blood,ketsu/chi
件,affair,ken
交,mix,kō/maji-waru/maji-eru/ma-jiru/ma-zaru/ma-zeru/ka-u/ka-wasu
光,ray,kō/hika-ru/hikari
向,over there,kō/mu-ku/mu-keru/mu-kau/mu-kō
后,empress,kō
好,like,kō/kono-mu/su-ku
江,inlet,kō/e
考,think,kō/kanga-eru
行,go,kō/gyō/i-ku/yu-ku/okona-u
合,fit,gō/ga'/a-u/a-wasu/a-waseru
再,again,sai/futata-bi
在,exist,zai/a-ru
旨,delicious,shi/mune
死,death,shi/shi-nu
糸,thread,shi/ito
至,climax,shi/ita-ru
字,letter,ji/aza
寺,Buddhist temple,ji/tera
次,next,ji/shi/tsu-gu/tsugi
耳,ear,ji/mimi
自,oneself,ji/shi/mizuka-ra
式,style,shiki
芝,turf,shiba
守,protect,shu/mamo-ru/mo-ri
朱,vermilion,shu
州,state,shū/su
舟,boat,shū/fune
充,allot,jū/a-teru
旬,10-day period (of the month),jun
巡,patrol,jun/megu-ru
如,likeness,jo/nyo
匠,artisan,shō
色,color,shoku/shiki/iro
尽,exhaust,jin/tsu-kusu/tsu-kiru/tsu-kasu
迅,swift,jin
成,become,sei/na-ru/na-su
西,west,sei/sai/nishi
舌,tongue,zetsu/shita
先,previous,sen/saki
全,whole,zen/matta-ku/sube-te
壮,robust,sō
早,early,sō/haya-i/haya-maru/haya-meru
争,conflict,sō/araso-u
存,suppose,son/zon
多,many,ta/oo-i
宅,home,taku
団,group,dan
地,ground,chi/ji
池,pond,chi/ike
竹,bamboo,chiku/take
仲,relationship,chū/naka
虫,insect,chū/mushi
兆,"portent, trillion",chō/kiza-su/kiza-shi
伝,transmit,den/tsuta-waru/tsuta-eru/tsuta-u
吐,spit,to/ha-ku
灯,lamp,tō/hi
当,hit,tō/a-taru/a-teru
同,same,dō/ona-ji
弐,two (falsification prevention),ni
肉,meat,niku
任,responsibility,nin/maka-seru/maka-su
年,year,nen/toshi
肌,texture,hada
伐,fell,batsu
帆,sail,han/ho
汎,pan-,han
妃,queen,hi
百,hundred,hyaku
伏,prostrated,fuku/fu-seru/fu-su
米,rice,bei/mai/kome
忙,busy,bō/isoga-shii
朴,crude,boku
毎,every,mai
名,name,mei/myō/na
妄,delusion,mō/bō
有,have,yū/u/a-ru
羊,sheep,yō/hitsuji
吏,officer,ri
両,both,ryō
列,row,retsu
劣,inferiority,retsu/oto-ru
老,old man,rō/o-iru/fu-keru
亜,sub-,a
位,rank,i/kurai
囲,surround,i/kako-mu/kako-u
医,medicine,i
壱,one (falsification prevention),ichi
応,respond,ō/kota-eru
何,what,ka/nani
花,flower,ka/hana
我,ego,ga/ware/wa
快,cheerful,kai/kokoroyo-i
戒,commandment,kai/imashi-meru
改,reformation,kai/arata-meru/arata-maru
貝,shellfish,kai
角,angle,kaku/kado/tsuno
完,perfect,kan
肝,liver,kan/kimo
含,include,gan/fuku-mu/fuku-meru
岐,branch off,ki
希,hope,ki
忌,mourning,ki/i-mu/i-mawashii
汽,steam,ki
技,skill,gi/waza
却,instead,kyaku
求,request,kyū/moto-meru
究,research,kyū/kiwa-meru
狂,lunatic,kyō/kuru-u/kuru-oshii
局,office,kyoku
均,level,kin
近,near,kin/chika-i
吟,versify,gin
串,skewer,kushi
君,you,kun/kimi
形,shape,kei/gyō/kata/katachi
系,lineage,kei
芸,art,gei
迎,welcome,gei/muka-eru
決,decide,ketsu/ki-meru/ki-maru
見,see,ken/mi-ru/mi-eru/mi-seru
言,say,gen/gon/i-u/koto
呉,give,go
坑,pit,kō
孝,filial piety,kō
抗,confront,kō
攻,aggression,kō/se-meru
更,grow late,kō/sara/fu-keru/fu-kasu
克,overcome,koku
告,tell,koku/tsu-geru
谷,valley,koku/tani
困,become distressed,kon/koma-ru
佐,help,sa
沙,sand,sa
災,disaster,sai/wazawa-i
材,lumber,zai
作,make,saku/sa/tsuku-ru
伺,pay respects,shi/ukaga-u
志,intention,shi/kokoroza-su/kokorozashi
私,me,shi/watakushi/watashi
似,becoming,ji/ni-ru
&,child,ji
社,company,sha/yashiro
車,car,sha/kuruma
寿,longevity,ju/kotobuki
秀,excel,shū/hii-deru
住,dwelling,jū/su-mu/su-mau
初,first,sho/haji-me/haji-mete/hatsu/ui/so-meru
助,help,jo/tasu-keru/tasu-karu/suke
序,preface,jo
床,bed,shō/toko/yuka
抄,extract,shō
肖,resemblance,shō
条,clause,jō
状,form,jō
伸,lengthen,shin/no-biru/no-basu/no-beru
臣,retainer,shin/jin
芯,core,shin
身,body,shin/mi
辛,spicy,shin/kara-i
図,diagram,zu/to/haka-ru
吹,blow,sui/fu-ku
杉,cedar,sugi
声,voice,sei/koe
赤,red,seki/aka/aka-i/aka-ramu/aka-rameru
折,fold,setsu/o-ru/ori/o-reru
走,run,sō/hashi-ru
即,instant,soku
束,bundle,soku/taba
足,foot,soku/ashi/ta-riru/ta-ru/ta-su
村,village,son/mura
汰,luxury,ta
妥,gentle,da
対,opposite,tai/tsui
体,body,tai/tei/karada
択,choose,taku
沢,swamp,taku/sawa
但,however,tada-shi
男,male,dan/nan/otoko
沖,open sea,chū/oki
町,town,chō/machi
沈,sink,chin/shizu-mu/shizu-meru
低,low,tei/hiku-i/hiku-meru/hiku-maru
呈,display,tei
廷,courts,tei
弟,younger brother,tei/otōto
努,toil,do/tsuto-meru
投,throw,tō/na-geru
豆,beans,tō/mame
那,what,na
尿,urine,nyō
妊,pregnancy,nin
忍,endure,nin/shino-bu/shino-baseru
把,grasp,ha
売,sell,bai/u-ru/u-reru
伯,chief,haku
&,wheat,baku/mugi
抜,slip out,batsu/nu-ku/nu-keru/nu-kasu/nu-karu
伴,consort,han/ban/tomona-u
判,judge,han/ban
坂,slope,han/saka
阪,heights,han
否,negate,hi/ina
批,criticism,hi
尾,tail,bi/o
肘,elbow,hiji
扶,aid,fu
兵,soldier,hei/hyō
別,separate,betsu/waka-reru
返,return,hen/kae-su/kae-ru
芳,perfume,hō/kanba-shii
邦,home country,hō
坊,boy,bō
妨,disturb,bō/samata-geru
忘,forget,bō/wasu-reru
防,prevent,bō/fuse-gu
没,drown,botsu
妙,exquisite,myō
冶,melting,ya
役,service,yaku/eki
余,leave over,yo/ama-ru/ama-su
妖,bewitching,yō/aya-shii
抑,repress,yoku/osa-eru
沃,fertility,yoku
来,come,rai/ku-ru/kita-ru/kita-su
乱,riot,ran/mida-reru/mida-su
卵,egg,ran/tamago
利,profit,ri/ki-ku
里,village,ri/sato
良,good,ryō/yo-i
冷,cool,rei/tsume-tai/hi-eru/hi-ya/hi-yasu/hi-yakasu/sa-meru/sa-masu
励,encourage,rei/hage-mu/hage-masu
戻,re-,rei/modo-su/modo-ru
呂,spine,ro
労,labour,rō
弄,tamper with,rō/moteaso-bu
宛,allocate,a-teru
依,reliant,i
委,committee,i/yuda-neru
育,nurture,iku/soda-tsu/soda-teru/haguku-mu
雨,rain,u/ame
泳,swim,ei/oyo-gu
英,England,ei
易,easy,eki/i/yasa-shii
延,prolong,en/no-biru/no-beru/no-basu
沿,run alongside,en/so-u
炎,inflammation,en/honoo
往,outward journey,ō
押,push,ō/o-su/o-saeru
旺,flourishing,ō
欧,Europe,ō
殴,assault,ō/nagu-ru
岡,hill,
佳,excellent,ka
価,value,ka/atai
果,fruit,ka/ha-tasu/ha-teru/ha-te
河,river,ka/kawa
苛,torment,ka
画,tableau,ga/kaku
芽,bud,ga/me
怪,suspicious,kai/aya-shii/aya-shimu
拐,kidnap,kai
劾,censure,gai
拡,broaden,kaku
学,study,gaku/mana-bu
岳,point,gaku/take
官,government official,kan
岸,beach,gan/kishi
岩,boulder,gan/iwa
玩,trifle with,gan
奇,strange,ki
祈,pray,ki/ino-ru
季,seasons,ki
宜,best regards,gi
泣,cry,kyū/na-ku
居,reside,kyo/i-ru
拒,repel,kyo/koba-mu
拠,foothold,kyo/ko
京,capital,kyō/kei
享,receive,kyō
供,offer,kyō/sona-eru/tomo
協,cooperation,kyō
況,condition,kyō
金,gold,kin/kon/kane
苦,suffer,ku/kuru-shii/kuru-shimu/kuru-shimeru/niga-i/niga-ru
具,tool,gu
空,sky,kū/sora/a-ku/a-keru/kara
屈,yield,kutsu
径,diameter,kei
茎,stalk,kei/kuki
券,ticket,ken
肩,shoulder,ken/kata
弦,bowstring,gen/tsuru
呼,call,ko/yo-bu
固,hard,ko/kata-meru/kata-maru/kata-i
股,crotch,ko/mata
虎,tiger,ko/tora
効,effect,kō/ki-ku
幸,happiness,kō/saiwa-i/sachi/shiawa-se
拘,arrest,kō
肯,agreement,kō
刻,engrave,koku/kiza-mu
国,country,koku/kuni
昆,descendants,kon
妻,wife,sai/tsuma
采,form,sai
刷,printing,satsu/su-ru
刹,temple,satsu/setsu
参,participate,san/mai-ru
使,use,shi/tsuka-u
刺,thorn,shi/sa-su/sa-saru
始,begin,shi/haji-meru/haji-maru
姉,older sister,shi/ane
枝,branch,shi/eda
祉,welfare,shi
肢,limb,shi
事,abstract thing,ji/koto
侍,waiter,ji/samurai
治,govern,ji/chi/osa-meru/osa-maru/nao-ru/nao-su
実,truth,jitsu/mi/mino-ru
&,cottage,sha
者,someone,sha/mono
邪,wicked,ja
若,young,jaku/waka-i/mo-shikuha
取,take,shu/to-ru
受,accept,ju/u-keru/u-karu
呪,curse,ju/noro-u
周,circumference,shū/mawa-ri
宗,religion,shū/sō
叔,uncle,shuku
述,mention,jutsu/no-beru
所,place,sho/tokoro
尚,esteem,shō
招,beckon,shō/mane-ku
承,acquiesce,shō/uketamawa-ru
昇,rise up,shō/nobo-ru
松,pine,shō/matsu
沼,marsh,shō/numa
垂,droop,sui/ta-reru/ta-rasu
炊,cook,sui/ta-ku
枢,hinge,sū
制,control,sei
姓,surname,sei/shō
征,subjugate,sei
性,gender,sei/shō
青,blue,sei/ao/ao-i
斉,adjusted,sei
昔,long ago,seki/mukashi
析,chop,seki
拙,bungling,setsu/tsutana-i
狙,aim at,so/near-u
阻,thwart,so/haba-mu
卒,graduate,sotsu
卓,eminent,taku
拓,clear (the land),taku
担,shouldering,tan/katsu-gu/nina-u
知,know,chi/shi-ru
宙,mid-air,chū
忠,loyalty,chū
抽,pluck,chū
注,pour,chū/soso-gu
長,long,chō/naga-i
直,straight,choku/jiki/tada-chini/nao-su/nao-ru
坪,two-mat area,tsubo
定,decide,tei/jō/sada-meru/sada-maru/sada-ka
底,bottom,tei/soko
抵,resist,tei
邸,residence,tei
泥,mud,dei/doro
的,target,teki/mato
迭,transfer,tetsu
典,code,ten
店,shop,ten/mise
妬,jealousy,to/neta-mu
東,east,tō/higashi
到,arrival,tō
毒,poison,doku
突,stab,totsu/tsu-ku
届,deliver,todo-keru/todo-ku
奈,what,na
乳,milk,nyū/chichi/chi
念,thought,nen
波,wave,ha/nami
拝,worship,hai/oga-mu
杯,counter for cupfuls,hai/sakazuki
拍,clap,haku
泊,overnight,haku/to-maru/to-meru
迫,urge,haku/sema-ru
板,board,han/ban/ita
版,printing block,han
彼,he,hi/kare
披,expose,hi
肥,fertilizer,hi/ko-eru/koe/ko-yasu/ko-yashi
非,negative,hi
泌,ooze,hitsu/hi
表,express,hyō/omote/arawa-su/arawa-reru
苗,seedling,byō/nae
府,urban prefecture,fu
怖,dreadful,fu/kowa-i
阜,mound,
附,affixed,fu
侮,scorn,bu/anado-ru
武,military,bu/mu
服,clothes,fuku
沸,seethe,futsu/wa-ku/wa-kasu
物,thing,butsu/motsu/mono
併,join,hei/awa-seru
並,line-up,hei/nami/nara-beru/nara-bu/nara-bini
歩,walk,ho/bu/aru-ku/ayu-mu
奉,observance,hō/tatematsu-ru
宝,treasure,hō/takara
抱,embrace,hō/da-ku/ida-ku/kaka-eru
放,release,hō/hana-su/hana-tsu/hana-reru/hō-ru
法,method,hō
泡,bubbles,hō/awa
房,tassel,bō/fusa
肪,obese,bō
牧,breed,boku/maki
奔,bustle,hon
妹,younger sister,mai/imōto
枚,sheet of...,mai
枕,pillow,makura
抹,rub,matsu
味,flavor,mi/aji/aji-wau
岬,headland,misaki
命,fate,mei/myō/inochi
明,bright,mei/myō/a-kari/aka-rui/aka-rumu/aka-ramu/aki-raka/a-keru/a-ku/a-kuru/a-kasu
免,excuse,men/manuka-reru
茂,overgrown,mo/shige-ru
盲,blind,mō
門,gates,mon/kado
夜,night,ya/yo/yoru
弥,all the more,ya
油,oil,yu/abura
拉,crush,ra
林,woods,rin/hayashi
例,example,rei/tato-eru
炉,hearth,ro
和,peace,wa/yawa-ragu/yawa-rageru/nago-mu/nago-yaka
枠,frame,waku
哀,pathetic,ai/awa-re/awa-remu
威,intimidate,i
為,do,i
畏,fear,i/oso-reru
胃,stomach,i
茨,thorn,
咽,throat,in
姻,matrimony,in
映,reflect,ei/utsu-ru/utsu-su/ha-eru
栄,prosperity,ei/saka-eru/ha-e/ha-eru
疫,epidemic,eki
怨,grudge,en/on
屋,roof,oku/ya
卸,wholesale,oro-su/oroshi
音,sound,on/in/oto/ne
科,section,ka
架,rack,ka/ka-keru/ka-karu
悔,repent,kai/ku-iru/ku-yamu/kuya-shii
海,sea,kai/umi
界,world,kai
皆,all,kai/mina
垣,hedge,kaki
柿,persimmon,kaki
革,leather,kaku/kawa
括,fasten,katsu
活,active,katsu
冠,crown,kan/kanmuri
巻,scroll,kan/ma-ku/maki
看,watch over,kan
紀,chronicle,ki
軌,rut,ki
客,guest,kyaku/kaku
逆,inverted,gyaku/saka/saka-rau
虐,tyrannize,gyaku/shiita-geru
急,hurry,kyū/iso-gu
級,rank,kyū
糾,twist,kyū
峡,gorge,kyō
挟,pinch,kyō/hasa-mu/hasa-maru
狭,cramped,kyō/sema-i/seba-meru/seba-maru
軍,army,gun
係,person in charge,kei/kaka-ru/kakari
型,model,kei/kata
契,pledge,kei/chigi-ru
計,measure,kei/haka-ru/haka-rau
建,build,ken/ta-teru/ta-tsu
研,sharpen,ken/to-gu
県,prefecture,ken
限,limit,gen/kagi-ru
孤,orphan,ko
弧,arc,ko
故,circumstances,ko/yue
枯,wither,ko/ka-reru/ka-rasu
後,behind,go/kō/nochi/ushi-ro/ato/oku-reru
侯,marquis,kō
厚,thick,kō/atsu-i
恒,constancy,kō
洪,deluge,kō
皇,emperor,kō/ō
紅,deep red,kō/beni/kurenai
荒,laid waste,kō/ara-i/a-reru/a-rasu
郊,outskirts,kō
香,incense,kō/ka/kao-ri/kao-ru
拷,torture,gō
恨,rancor,kon/ura-mu/ura-meshii
査,investigate,sa
砂,sand,sa/sha/suna
砕,smash,sai/kuda-ku/kuda-keru
削,plane,saku/kezu-ru
昨,previous,saku
柵,fence,saku
咲,blossom,sa-ku
拶,be imminent,satsu
姿,figure,shi/sugata
思,think,shi/omo-u
指,finger,shi/yubi/sa-su
施,carry out,shi/se/hodoko-su
持,hold,ji/mo-tsu
室,room,shitsu/muro
狩,hunt,shu/ka-ru/ka-ri
首,neck,shu/kubi
拾,pick up,shū/jū/hiro-u
秋,autumn,shū/aki
臭,stinking,shū/kusa-i/nio-u
柔,tender,jū/nyū/yawa-raka/yawa-rakai
重,heavy,jū/chō/e/omo-i/kasa-neru/kasa-naru
祝,celebrate,shuku/iwa-u
俊,genius,shun
春,springtime,shun/haru
盾,shield,jun/tate
叙,confer,jo
昭,shining,shō
乗,ride,jō/no-ru/no-seru
城,castle,jō/shiro
浄,clean,jō
拭,wipe,shoku/fu-ku/nugu-u
食,"eat, meal",shoku/ku-u/ku-rau/ta-beru
侵,encroach,shin/oka-su
信,trust,shin
津,haven,shin/tsu
神,god,shin/jin/kami
甚,tremendously,jin/hanaha-da/hanaha-dashii
帥,commander,sui
是,just so,ze
政,politics,sei/matsurigoto
星,star,sei/hoshi
牲,animal sacrifice,sei
省,government ministry,sei/shō/kaeri-miru/habu-ku
窃,stealth,setsu
宣,proclaim,sen
専,specialty,sen/moppa-ra
泉,spring,sen/izumi
浅,shallow,sen/asa-i
洗,wash,sen/ara-u
染,dye,sen/so-meru/so-maru/shi-miru/shi-mi
前,in front,zen/mae
祖,ancestor,so
奏,play music,sō/kana-deru
相,mutual,sō/shō/ai
荘,villa,sō
草,grass,sō/kusa
送,send,sō/oku-ru
促,stimulate,soku/unaga-su
則,rule,soku
俗,vulgar,zoku
耐,resistant,tai/ta-eru
待,wait,tai/ma-tsu
怠,neglect,tai/okota-ru/nama-keru
胎,womb,tai
退,retreat,tai/shirizo-ku/shirizo-keru
単,simple,tan
炭,charcoal,tan/sumi
胆,gall bladder,tan
段,steps,dan
茶,tea,cha/sa
昼,daytime,chū/hiru
柱,pillar,chū/hashira
挑,challenge,chō/ido-mu
勅,imperial order,choku
珍,rare,chin/mezura-shii
追,follow,tsui/o-u
亭,pavilion,tei
貞,upright,tei
帝,sovereign,tei
訂,revise,tei
点,point,ten
度,degrees,do/tabi
怒,angry,do/ika-ru/oko-ru
逃,escape,tō/ni-geru/ni-gasu/noga-su/noga-reru
洞,den,dō/hora
峠,mountain peak,tōge
独,alone,doku/hito-ri
栃,horse chestnut,
南,south,nan/minami
虹,rainbow,niji
派,sect,ha
背,back,hai/se/sei/somu-ku/somu-keru
肺,lungs,hai
畑,farm,hata/hatake
発,departure,hatsu/hotsu
卑,lowly,hi/iya-shii/iya-shimu/iya-shimeru
飛,fly,hi/to-bu/to-basu
眉,eyebrow,bi/mayu
美,beauty,bi/utsuku-shii
秒,second (part of time),byō
品,article,hin/shina
訃,obituary,fu
負,lose,fu/ma-keru/ma-kasu/o-u
赴,proceed,fu/omomu-ku
封,seal,fū/hō
風,wind,fū/kaze
柄,design,hei/gara/e
変,change,hen/ka-waru/ka-eru
便,convenience,ben/bin/tayo-ri
保,preserve,ho/tamo-tsu
胞,placenta,hō
某,so-and-so,bō
冒,risk,bō/oka-su
勃,rise,botsu
盆,basin,bon
昧,foolish,mai
迷,astray,mei/mayo-u
面,face,men/omo/omote/tsura
約,promise,yaku
勇,courage,yū/isa-mu
幽,seclude,yū
洋,ocean,yō
要,need,yō/kaname/i-ru
律,law,ritsu
柳,willow,ryū/yanagi
侶,companion,ryo
厘,thousandth,rin
郎,son,rō
挨,push open,ai
案,plan,an
員,member,in
院,institution,in
唄,song,
畝,furrow,une
浦,bay,ura
益,benefit,eki
悦,ecstasy,etsu
宴,banquet,en
桜,cherry tree,ō/sakura
翁,venerable old man,ō
俺,"I, we",ore
恩,grace,on
夏,summer,ka/natsu
家,house,ka/ke/ie/ya
荷,luggage,ka/ni
華,splendor,ka/hana
蚊,mosquito,ka
害,harm,gai
格,status,kaku
核,nucleus,kaku
株,stocks,kabu
釜,kettle,kama
陥,collapse,kan/ochii-ru/otoshii-reru
既,previously,ki/sude-ni
記,write down,ki/shiru-su
起,wake up,ki/o-kiru/o-koru/o-kosu
飢,hungry,ki/u-eru
鬼,ghost,ki/oni
帰,return,ki/kae-ru/kae-su
宮,Shinto shrine,kyū/gū/miya
挙,raise,kyo/a-geru/a-garu
恐,fear,kyō/oso-reru/oso-roshii
恭,respect,kyō/uyauya-shii
胸,bosom,kyō/mune
脅,threaten,kyō/obiya-kasu/odo-su/odo-kasu
訓,instruction,kun
郡,county,gun
恵,favor,kei/e/megu-mu
桁,beam,keta
倹,frugal,ken
兼,concurrently,ken/ka-neru
剣,sabre,ken/tsurugi
拳,fist,ken/kobushi
軒,flats,ken/noki
原,field,gen/hara
個,individual,ko
庫,warehouse,ko
娯,recreation,go
悟,enlightenment,go/sato-ru
候,climate,kō/sōrō
校,school,kō
耕,till,kō/tagaya-su
航,cruise,kō
貢,tribute,kō/mitsu-gu
降,descend,kō/o-riru/o-rosu/fu-ru
高,"tall, expensive",kō/taka-i/taka/taka-maru/taka-meru
剛,sturdy,gō
骨,bone,kotsu/hone
根,root,kon/ne
唆,tempt,sa/sosonoka-su
差,distinction,sa/sa-su
座,sit,za/suwa-ru
挫,sprain,za
宰,superintend,sai
栽,plantation,sai
剤,dose,zai
財,wealth,zai
索,cord,saku
殺,kill,satsu/koro-su
桟,scaffold,san
蚕,silkworm,san/kaiko
残,remainder,zan/noko-ru/noko-su
師,expert,shi
恣,selfish,shi
紙,paper,shi/kami
脂,fat,shi/abura
時,time,ji/toki
疾,rapidly,shitsu
射,shoot,sha/i-ru
借,borrow,shaku/ka-riru
酌,bartending,shaku/ku-mu
弱,weak,jaku/yowa-i/yowa-ru/yowa-maru/yowa-meru
殊,particularly,shu/koto
珠,pearl,shu
酒,alcoholic drink,shu/sake
修,discipline,shū/osa-meru/osa-maru
袖,sleeve,shū/sode
従,obey,jū/shitaga-u/shitaga-eru
准,quasi-,jun
殉,martyrdom,jun
純,genuine,jun
書,write,sho/ka-ku
徐,gradually,jo
除,exclude,jo/nozo-ku
宵,wee hours,shō/yoi
将,leader,shō
消,extinguish,shō/ki-eru/ke-su
症,symptoms,shō
祥,auspicious,shō
称,appellation,shō
笑,laugh,shō/wara-u/e-mu
辱,embarrass,joku/hazukashi-meru
唇,lips,shin/kuchibiru
娠,with child,shin
振,shake,shin/fu-ru/fu-rū/fu-reru
浸,immersed,shin/hita-su/hita-ru
真,true,shin/ma
針,needle,shin/hari
陣,camp,jin
粋,chic,sui/iki
衰,decline,sui/otoro-eru
凄,uncanny,sei
逝,departed,sei/yu-ku/i-ku
席,seat,seki
脊,stature,seki
隻,vessels,seki
扇,fan,sen/ōgi
栓,plug,sen
租,tariff,so
素,elementary,so/su
倉,warehouse,sō/kura
捜,search,sō/saga-su
挿,insert,sō/sa-su
桑,mulberry,sō/kuwa
造,create,zō/tsuku-ru
息,breath,soku/iki
捉,capture,soku/tora-eru
速,fast,soku/haya-i/haya-meru/haya-maru/sumi-yaka
孫,grandchild,son/mago
帯,sash,tai/o-biru/obi
泰,peaceful,tai
託,consign,taku
値,value,chi/ne/atai
恥,shame,chi/ha-jiru/haji/ha-jirau/ha-zukashii
致,(to) do,chi/ita-su
畜,livestock,chiku
逐,pursue,chiku
秩,regularity,chitsu
衷,inmost,chū
酎,sake,chū
捗,make progress,choku
朕,majestic plural,chin
通,pass through,tsū/too-ru/too-su/kayo-u
庭,garden,tei/niwa
逓,relay,tei
哲,philosophy,tetsu
展,expand,ten
徒,junior,to
途,route,to
倒,overthrow,tō/tao-reru/tao-su
凍,frozen,tō/koo-ru/kogo-eru
唐,T'ang,tō/kara
島,island,tō/shima
桃,peach tree,tō/momo
討,chastise,tō/u-tsu
透,transparent,tō/su-ku/su-kasu/su-keru
党,group,tō
胴,trunk,dō
匿,hide,toku
特,special,toku
悩,trouble,nō/naya-mu/naya-masu
納,settlement,nō/osa-meru/osa-maru
能,ability,nō
破,rend,ha/yabu-ru/yabu-reru
馬,horse,ba/uma
俳,haiku,hai
配,distribute,hai/kuba-ru
倍,double,bai
梅,ume (Japanese apricot),bai/ume
剝,peel,haku/ha-gasu/ha-gu/ha-gareru/ha-geru
班,squad,han
畔,paddy-ridge,han
般,generally,han
疲,exhausted,hi/tsuka-reru
秘,secret,hi/hi-meru
被,incur,hi/kōmu-ru
姫,princess,hime
俵,bag,hyō/tawara
病,sick,byō/ya-mu/yamai
浜,seacoast,hin/hama
敏,cleverness,bin
浮,floating,fu/u-ku/u-kareru/u-kabu/u-kaberu
粉,flour,fun/ko/kona
紛,distract,fun/magi-reru/magi-rasu/magi-rawasu/magi-rawashii
陛,highness,hei
勉,exertion,ben
哺,suckle,ho
捕,catch,ho/to-raeru/to-rawareru/to-ru/tsuka-maeru/tsuka-maru
俸,salary,hō
倣,emulate,hō/nara-u
峰,summit,hō/mine
砲,cannon,hō
剖,divide,bō
紡,spinning,bō/tsumu-gu
埋,bury,mai/u-meru/u-maru/u-moreru
脈,vein,myaku
眠,sleep,min/nemu-ru/nemu-i
娘,daughter,musume
冥,dark,mei/myō
耗,decrease,mō
紋,family crest,mon
容,contain,yō
浴,bathe,yoku/a-biru/a-biseru
流,stream,ryū/naga-reru/naga-su
留,detain,ryū/to-meru/to-maru
竜,dragon,ryū/tatsu
旅,trip,ryo/tabi
料,fee,ryō
倫,ethics,rin
涙,tears,rui/namida
烈,ardent,retsu
恋,romance,ren/ko-u/koi/koi-shii
連,take along,ren/tsura-naru/tsura-neru/tsu-reru
朗,melodious,rō/hoga-raka
浪,wandering,rō
脇,aside,waki
悪,bad,aku/o/waru-i
尉,military officer,i
異,uncommon,i/koto
移,shift,i/utsu-ru/utsu-su
萎,wither,i/na-eru
域,range,iki
逸,deviate,itsu
淫,lewdness,in/mida-ra
陰,shade,in/kage/kage-ru
液,fluid,eki
菓,confectionery,ka
貨,freight,ka
械,contraption,kai
崖,cliff,gai/gake
涯,horizon,gai
殻,husk,kaku/kara
郭,enclosure,kaku
掛,hang,ka-keru/ka-karu/kakari
喝,hoarse,katsu
渇,thirst,katsu/kawa-ku
乾,dry,kan/kawa-ku/kawa-kasu
勘,intuition,kan
患,afflicted,kan/wazura-u
貫,pierce,kan/tsuranu-ku
眼,eyeball,gan/manako
基,foundation,ki/moto/motoi
寄,approach,ki/yo-ru/yo-seru
規,rule,ki
亀,turtle,ki/kame
偽,falsehood,gi/itsuwa-ru/nise
菊,chrysanthemum,kiku
脚,leg,kyaku/ashi
救,salvation,kyū/suku-u
球,sphere,kyū/tama
虚,void,kyo
許,permit,kyo/yuru-su
魚,fish,gyo/uo/sakana
強,strong,kyō/gō/tsuyo-i/tsuyo-maru/tsuyo-meru/shi-iru
教,teach,kyō/oshi-eru/oso-waru
郷,home town,kyō/gō
菌,germ,kin
惧,dread,gu
偶,accidentally,gū
掘,dig,kutsu/ho-ru
啓,disclose,kei
掲,put up (a notice),kei/kaka-geru
渓,mountain stream,kei
経,manage,kei/kyō/he-ru
蛍,lightning-bug,kei/hotaru
健,healthy,ken/suko-yaka
険,precipitous,ken/kewa-shii
現,appear,gen/arawa-reru/arawa-su
舷,gunwale,gen
康,health,kō
控,withdraw,kō/hika-eru
梗,close up,kō
黄,yellow,kō/ō/ki
黒,black,koku/kuro/kuro-i
頃,times,koro
婚,marriage,kon
混,mix,kon/ma-jiru/ma-zaru/ma-zeru/ko-mu
痕,mark,kon/ato
紺,dark blue,kon
彩,coloring,sai/irodo-ru
採,pick,sai/to-ru
済,settle,sai/su-mu/su-masu
祭,festival,sai/matsu-ru/matsu-ri
斎,purification,sai
細,thin,sai/hoso-i/hoso-ru/koma-ka/koma-kai
菜,vegetable,sai/na
埼,cape (geography),
崎,promontory,saki
惨,wretched,san/zan/miji-me
産,give birth,san/u-mu/u-mareru/ubu
斬,kill by slicing,zan/ki-ru
視,look at,shi
鹿,deer,shika
執,tenacious,shitsu/shū/to-ru
捨,throw away,sha/su-teru
赦,pardon,sha
斜,diagonal,sha/nana-me
蛇,snake,ja/da/hebi
釈,explanation,shaku
寂,loneliness,jaku/sabi/sabi-shii/sabi-reru
授,instruct,ju/sazu-keru/sazu-karu
終,end,shū/o-waru/o-eru
羞,feel ashamed,shū
習,learn,shū/nara-u
週,week,shū
渋,astringent,jū/shibu/shibu-i/shibu-ru
宿,inn,shuku/yado/yado-ru/yado-su
淑,graceful,shuku
粛,solemn,shuku
術,art,jutsu
庶,commoner,sho
唱,chant,shō/tona-eru
商,sell,shō/akina-u
渉,ford,shō
章,chapter,shō
紹,introduce,shō
訟,sue,shō
剰,surplus,jō
常,normal,jō/tsune/toko
情,feelings,jō/nasa-ke
深,deep,shin/fuka-i/fuka-maru/fuka-meru
紳,sire,shin
進,advance,shin/susu-mu/susu-meru
推,infer,sui/o-su
酔,drunk,sui/yo-u
崇,adore,sū
据,set,su-eru/su-waru
清,pure,sei/kiyo-i/kiyo-maru/kiyo-meru
盛,prosper,sei/mo-ru/saka-ru/saka-n
惜,pity,seki/o-shii/o-shimu
戚,grieve,seki
責,blame,seki/se-meru
接,contact,setsu/tsu-gu
設,establish,setsu/mō-keru
雪,snow,setsu/yuki
旋,rotation,sen
船,boat,sen/fune
措,set aside,so
粗,coarse,so/ara-i
組,association,so/ku-mu/kumi
巣,nest,sō/su
掃,sweep,sō/ha-ku
曹,cadet,sō
曽,formerly,sō
爽,refreshing,sō/sawa-yaka
窓,window,sō/mado
側,side,soku/gawa
族,tribe,zoku
率,rate,sotsu/ritsu/hiki-iru
唾,saliva,da/tsuba
堆,piled high,tai
袋,sack,tai/fukuro
逮,apprehend,tai
第,ordinal number prefix,dai
脱,undress,datsu/nu-gu/nu-geru
探,grope,tan/sagu-ru/saga-su
淡,thin,tan/awa-i
断,cut off,dan/ta-tsu/kotowa-ru
窒,plug up,chitsu
著,renowned,cho/arawa-su/ichijiru-shii
帳,account book,chō
張,stretch,chō/ha-ru
彫,carve,chō/ho-ru
眺,stare,chō/naga-meru
釣,angling,chō/tsu-ru
頂,place on the head,chō/itada-ku/itadaki
鳥,bird,chō/tori
陳,exhibit,chin
停,halt,tei
偵,spy,tei
笛,flute,teki/fue
添,annexed,ten/so-eru/so-u
転,revolve,ten/koro-garu/koro-geru/koro-gasu/koro-bu
都,metropolis,to/tsu/miyako
悼,lament,tō/ita-mu
盗,steal,tō/nusu-mu
陶,pottery,tō
動,move,dō/ugo-ku/ugo-kasu
堂,public chamber,dō
得,acquire,toku/e-ru/u-ru
豚,pork,ton/buta
貪,covet,don/musabo-ru
梨,pear tree,nashi
軟,soft,nan/yawa-raka/yawa-rakai
捻,twist,nen/hine-ru
粘,sticky,nen/neba-ru
脳,brain,nō
婆,old woman,ba
排,repudiate,hai
敗,failure,hai/yabu-reru
培,cultivate,bai/tsuchika-u
陪,obeisance,bai
舶,liner,haku
販,marketing,han
票,ballot,hyō
描,sketch,byō/ega-ku/ka-ku
猫,cat,byō/neko
貧,poor,hin/bin/mazu-shii
瓶,flower pot,bin
婦,lady,fu
符,token,fu
部,part,bu
副,vice,fuku
閉,closed,hei/to-jiru/to-zasu/shi-meru/shi-maru
偏,partial,hen/katayo-ru
崩,crumble,hō/kuzu-reru/kuzu-su
訪,visit,hō/otozu-reru/tazu-neru
望,hope,bō/mō/nozo-mu
堀,ditch,hori
麻,hemp,ma/asa
密,secrecy,mitsu
務,duty,mu/tsuto-meru/tsuto-maru
猛,fierce,mō
問,question,mon/to-u/to-i
野,field,ya/no
訳,translate,yaku/wake
唯,solely,yui
悠,permanence,yū
郵,mail,yū
庸,commonplace,yō
欲,longing,yoku/ho'-suru/ho-shii
翌,the following,yoku
理,reason,ri
陸,land,riku
略,abbreviation,ryaku
粒,grains,ryū/tsubu
隆,hump,ryū
涼,refreshing,ryō/suzu-shii/suzu-mu
猟,game-hunting,ryō
陵,mausoleum,ryō/misasagi
累,accumulate,rui
握,grip,aku/nigi-ru
嵐,storm,arashi
偉,admirable,i/era-i
椅,chair,i
飲,drink,in/no-mu
運,carry,un/hako-bu
雲,cloud,un/kumo
営,manage,ei/itona-mu
詠,recitation,ei/yo-mu
越,cross over,etsu/ko-su/ko-eru
媛,princess,en
援,aid,en
奥,heart,ō/oku
温,warm,on/atata-ka/atata-kai/atata-maru/atata-meru
渦,whirlpool,ka/uzu
過,go beyond,ka/su-giru/su-gosu/ayama-tsu/ayama-chi
賀,congratulations,ga
絵,picture,kai/e
開,open,kai/hira-ku/hira-keru/a-ku/a-keru
階,floor of a building,kai
街,street,gai/machi
覚,memorize,kaku/obo-eru/sa-masu/sa-meru
割,divide,katsu/wa-ru/wari/wa-reru/sa-ku
葛,arrowroot,katsu/kuzu
寒,cold,kan/samu-i
喚,yell,kan
堪,withstand,kan/ta-eru
換,interchange,kan/ka-eru/ka-waru
敢,daring,kan
棺,coffin,kan
款,goodwill,kan
間,interval,kan/ken/aida/ma
閑,leisure,kan
喜,rejoice,ki/yoroko-bu
幾,how many,ki/iku
揮,brandish,ki
期,period of time,ki
棋,chess piece,ki
貴,precious,ki/tatto-i/tōto-i/tatto-bu/tōto-bu
欺,deceit,gi/azamu-ku
喫,consume,kitsu
給,salary,kyū
距,long-distance,kyo
御,honorable,gyo/go/on
暁,daybreak,gyō/akatsuki
極,poles,kyoku/goku/kiwa-meru/kiwa-maru/kiwa-mi
勤,diligence,kin/tsuto-meru/tsuto-maru
琴,harp,kin/koto
筋,muscle,kin/suji
遇,interview,gū
隅,corner,gū/sumi
敬,respect,kei/uyama-u
景,scenery,kei
軽,light,kei/karu-i/karo-yaka
結,tie,ketsu/musu-bu/yu-u/yu-waeru
圏,sphere,ken
堅,strict,ken/kata-i
検,examine,ken
減,decrease,gen/he-ru/he-rasu
湖,lake,ko/mizūmi
雇,employ,ko/yato-u
喉,throat,kō/nodo
慌,disconcerted,kō/awa-teru/awa-tadashii
港,harbor,kō/minato
硬,stiff,kō/kata-i
絞,strangle,kō/shibo-ru/shi-meru/shi-maru
項,paragraph,kō
詐,lie,sa
最,most,sai/motto-mo
裁,judge,sai/ta-tsu/saba-ku
策,scheme,saku
酢,vinegar,saku/su
傘,umbrella,san/kasa
散,scatter,san/chi-ru/chi-rasu/chi-rakasu/chi-rakaru
紫,purple,shi/murasaki
詞,poetry,shi
歯,tooth,shi/ha
滋,nourishing,ji
軸,axis,jiku
湿,damp,shitsu/shime-ru/shime-su
煮,boil,sha/ni-ru/ni-eru/ni-yasu
就,concerning,shū/tsu-ku/tsu-keru
衆,masses,shū
集,collect,shū/atsu-maru/atsu-meru/tsudo-u
循,sequential,jun
順,obey,jun
暑,hot,sho/atsu-i
勝,win,shō/ka-tsu/masa-ru
掌,manipulate,shō
晶,sparkle,shō
焼,bake,shō/ya-ku/ya-keru
焦,char,shō/ko-geru/ko-gasu/ko-gareru/ase-ru
硝,nitrate,shō
粧,cosmetics,shō
詔,imperial edict,shō/mikotonori
証,evidence,shō
象,elephant,shō/zō
場,place,jō/ba
畳,tatami mat,jō/tata-mu/tatami
植,plant,shoku/u-eru/u-waru
殖,augment,shoku/fu-eru/fu-yasu
森,forest,shin/mori
診,checkup,shin/mi-ru
尋,inquire,jin/tazu-neru
須,by all means,su
遂,consummate,sui/to-geru
随,follow,zui
婿,bridegroom,sei/muko
晴,clear up,sei/ha-reru/ha-rasu
税,tax,zei
&,discontinue,zetsu/ta-eru/ta-yasu/ta-tsu
善,good,zen/yo-i
然,so,zen/nen
疎,alienate,so/uto-i/uto-mu
訴,sue,so/utta-eru
創,create,sō/tsuku-ru
喪,miss,sō/mo
痩,get thin,sō/ya-seru
葬,interment,sō/hōmu-ru
装,attire,sō/shō/yosoo-u
測,fathom,soku/haka-ru
属,belong,zoku
尊,revered,son/tatto-i/tōto-i/tatto-bu/tōto-bu
堕,degenerate,da
惰,lazy,da
替,exchange,tai/ka-eru/ka-waru
貸,lend,tai/ka-su
隊,group,tai
達,attain,tatsu
棚,shelf,tana
短,short,tan/mijika-i
弾,bullet,dan/hi-ku/hazu-mu/tama
遅,slow,chi/oku-reru/oku-rasu/oso-i
着,wear,chaku/ki-ru/ki-seru/tsu-ku/tsu-keru
貯,savings,cho
朝,morning,chō/asa
貼,paste,chō/ha-ru
超,transcend,chō/ko-eru/ko-su
椎,oak,tsui
痛,pain,tsū/ita-i/ita-mu/ita-meru
塚,hillock,tsuka
堤,dike,tei/tsutsumi
提,present,tei/sa-geru
程,extent,tei/hodo
渡,transit,to/wata-ru/wata-su
塔,pagoda,tō
搭,board,tō
棟,ridgepole,tō/mune
湯,hot water,tō/yu
痘,pox,tō
登,climb,tō/to/nobo-ru
答,answer,tō/kota-eru/kota-e
等,class,tō/hito-shii
筒,cylinder,tō/tsutsu
統,unite,tō/su-beru
童,juvenile,dō/warabe
道,road,dō/michi
鈍,dull,don/nibu-i/nibu-ru
廃,abolish,hai/suta-reru/suta-ru
媒,mediator,bai
買,buy,bai/ka-u
博,Dr.,haku
斑,blemish,han
飯,meal,han/meshi
&,nightfall,ban
番,one's turn,ban
蛮,barbarian,ban
悲,sad,hi/kana-shii/kana-shimu
扉,front door,hi/tobira
費,expense,hi/tsui-yasu/tsui-eru
備,provide,bi/sona-eru/sona-waru
筆,writing brush,hitsu/fude
評,evaluate,hyō
富,rich,fu/to-mu/tomi
普,universal,fu
幅,breadth,fuku/haba
復,again,fuku
雰,atmosphere,fun
塀,fence,hei
遍,everywhere,hen
補,supplement,ho/ogina-u
募,recruit,bo/tsuno-ru
報,report,hō/muku-iru
傍,bystander,bō/katawa-ra
帽,cap,bō
棒,rod,bō
貿,trade,bō
満,full,man/mi-chiru/mi-tasu
無,nothing,mu/bu/na-i
喩,metaphor,yu
愉,pleasure,yu
湧,boil,yū/wa-ku
猶,furthermore,yū
裕,abundant,yū
遊,play,yū/aso-bu
雄,male,yū/o/osu
揚,hoist,yō/a-geru/a-garu
揺,swing,yō/yu-reru/yu-ru/yu-ragu/yu-rugu/yu-suru/yu-saburu/yu-suburu
葉,leaf,yō/ha
陽,sunshine,yō
絡,entwine,raku/kara-mu/kara-maru/kara-meru
落,fall,raku/o-chiru/o-tosu
痢,diarrhea,ri
硫,sulphur,ryū
量,quantity,ryō/haka-ru
塁,bases,rui
裂,split,retsu/sa-ku/sa-keru
廊,corridor,rō
惑,beguile,waku/mado-u
湾,gulf,wan
腕,arm,wan/ude
愛,love,ai
暗,dark,an/kura-i
彙,same kind,i
意,idea,i
違,differ,i/chiga-u/chiga-eru
園,garden,en/sono
煙,smoke,en/kemu-ru/kemuri/kemu-i
猿,monkey,en/saru
遠,far,en/too-i
鉛,lead,en/namari
塩,salt,en/shio
虞,uneasiness,osore
嫁,marry into,ka/yome/totsu-gu
暇,spare time,ka/hima
禍,calamity,ka
靴,shoes,ka/kutsu
雅,gracious,ga
塊,clod,kai/katamari
楷,square character style,kai
解,untie,kai/ge/to-ku/to-kasu/to-keru
慨,rue,gai
蓋,cover,gai/futa
該,above-stated,gai
較,contrast,kaku
隔,isolate,kaku/heda-teru/heda-taru
楽,pleasure,gaku/raku/tano-shii/tano-shimu
滑,slippery,katsu/kotsu/sube-ru/name-raka
褐,brown,katsu
勧,persuade,kan/susu-meru
寛,tolerant,kan
幹,tree-trunk,kan/miki
感,feeling,kan
漢,China,kan
頑,stubborn,gan
棄,abandon,ki
毀,destroy,ki
義,righteousness,gi
詰,packed,kitsu/tsu-meru/tsu-maru/tsu-mu
嗅,smell,kyū/ka-gu
業,business,gyō/gō/waza
僅,a wee bit,kin/wazu-ka
禁,prohibition,kin
愚,foolish,gu/oro-ka
窟,cavern,kutsu
群,flock,gun/mu-reru/mu-re
傾,lean,kei/katamu-ku/katamu-keru
携,portable,kei/tazusa-eru/tazusa-waru
継,inherit,kei/tsu-gu
詣,visit a temple,kei/mō-deru
隙,fissure,geki/suki
傑,greatness,ketsu
嫌,dislike,ken/kira-u/iya
献,offering,ken
絹,silk,ken/kinu
遣,dispatch,ken/tsuka-u/tsuka-wasu
源,origin,gen/minamoto
誇,boast,ko/hoko-ru
鼓,drum,ko/tsuzumi
碁,Go,go
溝,gutter,kō/mizo
鉱,mineral,kō
傲,be proud,gō
債,bond,sai
催,sponsor,sai/moyoo-su
塞,obstruct,sai/soku/fusa-gu/fusa-garu
歳,year-end,sai
載,ride,sai/no-seru/no-ru
罪,guilt,zai/tsumi
搾,squeeze,saku/shibo-ru
嗣,heir,shi
試,test,shi/kokoro-miru/tame-su
詩,poem,shi
資,resources,shi
飼,domesticate,shi/ka-u
慈,mercy,ji/itsuku-shimu
辞,resign,ji/ya-meru
嫉,envy,shitsu
腫,tumor,shu/ha-reru/ha-rasu
愁,distress,shū/ure-eru/ure-i
酬,repay,shū
準,standard,jun
署,government office,sho
傷,wound,shō/kizu/ita-mu/ita-meru
&,exhort,shō
照,illuminate,shō/te-ru/te-rasu/te-reru
詳,detailed,shō/kuwa-shii
蒸,steam,jō/mu-su/mu-reru/mu-rasu
飾,decorate,shoku/kaza-ru
触,contact,shoku/fu-reru/sawa-ru
寝,lie down,shin/ne-ru/ne-kasu
慎,humility,shin/tsutsushi-mu
新,new,shin/atara-shii/ara-ta/nii
腎,kidney,jin
睡,drowsy,sui
数,number,sū/kazu/kazo-eru
裾,cuff,suso
勢,power,sei/ikio-i
聖,holy,sei
誠,sincerity,sei/makoto
跡,tracks,seki/ato
摂,vicarious,setsu
節,node,setsu/fushi
戦,war,sen/ikusa/tataka-u
煎,broil,sen/i-ru
羨,envy,sen/uraya-mu/uraya-mashii
腺,gland,sen
詮,discussion,sen
践,tread,sen
禅,Zen,zen
塑,model,so
僧,Buddhist priest,sō
想,concept,sō
賊,burglar,zoku
続,continue,zoku/tsuzu-ku/tsuzu-keru
損,loss,son/soko-nau/soko-neru
滞,stagnate,tai/todokoo-ru
滝,waterfall,taki
嘆,sigh,tan/nage-ku/nage-kawashii
暖,warmth,dan/atata-ka/atata-kai/atata-maru/atata-meru
痴,stupid,chi
稚,immature,chi
置,put,chi/o-ku
蓄,amass,chiku/takuwa-eru
腸,intestines,chō
跳,hop,chō/ha-neru/to-bu
賃,fare,chin
艇,rowboat,tei
溺,drown,deki/obo-reru
鉄,iron,tetsu
塡,fill in,ten
殿,Mr.,den/ten/tono/dono
電,electricity,den
塗,paint,to/nu-ru
働,work,dō/hatara-ku
督,coach,toku
頓,suddenly,ton
農,farming,nō
漠,vague,baku
鉢,bowl,hachi
搬,conveyor,han
煩,anxiety,han/wazura-u/wazura-wasu
頒,partition,han
微,delicate,bi
福,luck,fuku
腹,abdomen,fuku/hara
墓,grave,bo/haka
蜂,bee,hō/hachi
豊,bountiful,hō/yuta-ka
飽,sated,hō/a-kiru/a-kasu
睦,harmonious,boku
幕,curtain,maku/baku
夢,dream,mu/yume
盟,alliance,mei
滅,destroy,metsu/horo-biru/horo-bosu
誉,reputation,yo/homa-re
預,deposit,yo/azu-keru/azu-karu
溶,melt,yō/to-keru/to-kasu/to-ku
腰,loins,yō/koshi
裸,naked,ra/hadaka
雷,thunder,rai/kaminari
酪,dairy products,raku
裏,back,ri/ura
慄,fear,ritsu
虜,captive,ryo
鈴,small bell,rei/rin/suzu
零,zero,rei
廉,bargain,ren
賂,bribe,ro
路,road,ro/ji
楼,watchtower,rō
話,talk,wa/hana-su/hanashi
賄,bribe,wai/makana-u
維,fiber,i
隠,conceal,in/kaku-su/kaku-reru
駅,station,eki
演,perform,en
寡,widow,ka
歌,song,ka/uta/uta-u
箇,counters for things,ka
概,outline,gai
閣,tall,kaku
慣,accustomed,kan/na-reru/na-rasu
管,pipe,kan/kuda
関,related,kan/seki/kaka-waru
旗,national flag,ki/hata
疑,doubt,gi/utaga-u
漁,fishing,gyo/ryō
境,boundary,kyō/sakai
銀,silver,gin
駆,drive,ku/ka-keru/ka-ru
熊,bear,kuma
語,language,go/kata-ru/kata-rau
誤,mistake,go/ayama-ru
構,construct,kō/kama-eru/kama-u
綱,hawser,kō/tsuna
酵,fermentation,kō
豪,overpowering,gō
穀,cereals,koku
酷,cruel,koku
獄,prison,goku
魂,soul,kon/tamashii
際,occasion,sai/kiwa
察,guess,satsu
雑,miscellaneous,zatsu/zō
算,calculate,san
酸,acid,san/su-i
誌,document,shi
雌,feminine,shi/me/mesu
磁,magnet,ji
漆,lacquer,shitsu/urushi
遮,intercept,sha/saegi-ru
種,kind,shu/tane
需,demand,ju
銃,gun,jū
塾,cram school,juku
緒,thong,sho/o
彰,patent,shō
障,hurt,shō/sawa-ru
精,refined,sei
製,manufacture,sei
誓,vow,sei/chika-u
静,quiet,sei/shizu/shizu-ka/shizu-maru/shizu-meru
説,theory,setsu/to-ku
箋,paper,sen
銭,coin,sen/zeni
漸,steadily,zen
遡,go upstream,so/sakanobo-ru
層,stratum,sō
総,whole,sō
遭,encounter,sō/a-u
像,statue,zō
増,increase,zō/ma-su/fu-eru/fu-yasu
憎,hate,zō/niku-mu/niku-i/niku-rashii/niku-shimi
遜,humble,son
駄,burdensome,da
態,condition,tai
奪,rob,datsu/uba-u
端,edge,tan/hashi/ha/hata
綻,rip,tan/hokoro-biru
嫡,legitimate wife,chaku
徴,indications,chō
漬,pickling,tsu-keru/tsu-karu
摘,pinch,teki/tsu-mu
滴,drip,teki/shizuku/shitata-ru
適,suitable,teki
稲,rice plant,tō/ine
銅,copper,dō
徳,benevolence,toku
読,read,doku/toku/yo-mu
認,recognize,nin/mito-meru
寧,rather,nei
髪,hair of the head,hatsu/kami
罰,penalty,batsu/bachi
閥,clique,batsu
碑,tombstone,hi
鼻,nose,bi/hana
漂,drift,hyō/tadayo-u
腐,rot,fu/kusa-ru/kusa-reru/kusa-rasu
複,duplicate,fuku
聞,hear,bun/mon/ki-ku/ki-koeru
蔑,ignore,betsu/sagesu-mu
慕,pining,bo/shita-u
暮,livelihood,bo/ku-reru/ku-rasu
貌,appearance,bō
僕,me,boku
墨,black ink,boku/sumi
膜,membrane,maku
慢,ridicule,man
漫,cartoon,man
蜜,honey,mitsu
銘,inscription,mei
鳴,chirp,mei/na-ku/na-ru/na-rasu
綿,cotton,men/wata
模,imitation,mo/bo
網,netting,mō/ami
誘,entice,yū/saso-u
様,formal title,yō/sama
瘍,boil (medical),yō
踊,jump,yō/odo-ru/odo-ri
辣,bitter,ratsu
僚,colleague,ryō
領,territory,ryō
緑,green,ryoku/midori
瑠,lapis lazuli,ru
暦,calendar,reki/koyomi
歴,curriculum,reki
練,practice,ren/ne-ru
漏,leak,rō/mo-ru/mo-reru/mo-rasu
慰,consolation,i/nagusa-meru/nagusa-mu
遺,bequeath,i
影,shadow,ei/kage
鋭,pointed,ei/surudo-i
謁,audience,etsu
閲,review,etsu
縁,affinity,en/fuchi
横,side,ō/yoko
億,hundred million,oku
稼,earnings,ka/kase-gu
課,section,ka
餓,starve,ga
潰,crush,kai/tsubu-su/tsubu-reru
確,certain,kaku/tashi-ka/tashi-kameru
潟,lagoon,kata
歓,delight,kan
監,oversee,kan
緩,slacken,kan/yuru-i/yuru-yaka/yuru-mu/yuru-meru
器,container,ki/utsuwa
畿,capital,ki
輝,radiance,ki/kagaya-ku
儀,ceremony,gi
戯,frolic,gi/tawamu-reru
窮,hard up,kyū/kiwa-meru/kiwa-maru
緊,tense,kin
勲,meritorious deed,kun
慶,jubilation,kei
憬,long for,kei
稽,consider,kei
劇,drama,geki
撃,beat,geki/u-tsu
潔,undefiled,ketsu/isagiyo-i
権,rights,ken
稿,draft,kō
駒,horse,koma
撮,snapshot,satsu/to-ru
賛,approve,san
暫,temporarily,zan
摯,seriousness,shi
賜,grant,shi/tamawa-ru
餌,bait,ji/esa/e
質,quality,shitsu/shichi
趣,gist,shu/omomuki
熟,ripen,juku/u-reru
潤,wet,jun/uruo-u/uruo-su/uru-mu
遵,abide by,jun
諸,various,sho
憧,desire,shō/akoga-reru
衝,collide,shō
賞,prize,shō
縄,straw rope,jō/nawa
嘱,entrust,shoku
審,examine,shin
震,quake,shin/furu-u/furu-eru
穂,ear,sui/ho
請,solicit,sei/ko-u/u-keru
潜,submerge,sen/hiso-mu/mogu-ru
線,line,sen
遷,transition,sen
選,choose,sen/era-bu
槽,vat,sō
踪,remains,sō
蔵,warehouse,zō/kura
諾,consent,daku
誰,who (question word),dare
誕,nativity,tan
談,discuss,dan
鋳,casting,chū/i-ru
駐,stop-over,chū
嘲,ridicule,chō/azake-ru
潮,tide,chō/shio
澄,lucidity,chō/su-mu/su-masu
調,investigate,chō/shira-beru/totono-u/totono-eru
墜,crash,tsui
締,tighten,tei/shi-maru/shi-meru
敵,enemy,teki/kataki
徹,penetrate,tetsu
撤,remove,tetsu
踏,step,tō/fu-mu/fu-maeru
導,guide,dō/michibi-ku
熱,heat,netsu/atsu-i
罵,insult,ba/nonoshi-ru
輩,comrade,hai
賠,compensation,bai
箱,box,hako
箸,chopsticks,hashi
範,pattern,han
盤,tray,ban
罷,quit,hi
膝,knee,hiza
標,signpost,hyō
賓,V.I.P.,hin
敷,spread,fu/shi-ku
膚,skin,fu
賦,levy,fu
舞,dance,bu/ma-u/mai
噴,erupt,fun/fu-ku
墳,tomb,fun
憤,aroused,fun/ikidoo-ru
幣,cash,hei
弊,abuse,hei
蔽,cover,hei
餅,mochi rice cake,hei/mochi
編,compile,hen/a-mu
舗,pavement,ho
褒,praise,hō/ho-meru
暴,outburst,bō/aba-ku/aba-reru
撲,slap,boku
摩,chafe,ma
魅,fascination,mi
黙,silence,moku/dama-ru
憂,melancholy,yū/ure-eru/ure-i/u-i
窯,kiln,yō/kama
養,foster,yō/yashina-u
履,footgear,ri/ha-ku
璃,glassy,ri
慮,prudence,ryo
寮,dormitory,ryō
輪,wheel,rin/wa
霊,spirits,rei/ryō/tama
論,theory,ron
緯,horizontal,i
衛,defense,ei
憶,recollection,oku
穏,calm,on/oda-yaka
壊,demolition,kai/kowa-su/kowa-reru
懐,pocket,kai/futokoro/natsu-kashii/natsu-kashimu/natsu-ku/natsu-keru
諧,harmony,kai
骸,dead remains,gai
獲,seize,kaku/e-ru
憾,remorse,kan
還,send back,kan
館,public building,kan/yakata
機,machine,ki/hata
橋,bridge,kyō/hashi
凝,congeal,gyō/ko-ru/ko-rasu
錦,brocade,kin/nishiki
薫,fragrant,kun/kao-ru
憩,recess,kei/iko-i/iko-u
激,violent,geki/hage-shii
憲,constitution,ken
賢,intelligent,ken/kashiko-i
錮,tie up,ko
興,entertain,kō/kyō/oko-ru/oko-su
衡,equilibrium,kō
鋼,steel,kō/hagane
墾,ground-breaking,kon
錯,confused,saku
諮,consult with,shi/haka-ru
儒,Confucian,ju
樹,trees,ju
獣,animal,jū/kemono
縦,vertical,jū/tate
壌,lot,jō
嬢,lass,jō
錠,lock,jō
薪,fuel,shin/takigi
親,parent,shin/oya/shita-shii/shita-shimu
整,put in order,sei/totono-eru/totono-u
醒,be disillusioned,sei
積,accumulate,seki/tsu-mu/tsu-moru
薦,recommend,sen/susu-meru
膳,tray,zen
操,maneuver,sō/misao/ayatsu-ru
濁,voiced,daku/nigo-ru/nigo-su
壇,podium,dan
緻,fine (not coarse),chi
築,fabricate,chiku/kizu-ku
諦,abandon,tei/akira-meru
賭,gamble,to/ka-keru
糖,sugar,tō
頭,head,tō/zu/atama/kashira
篤,fervent,toku
曇,cloudy weather,don/kumo-ru
燃,burn,nen/mo-eru/mo-yasu/mo-su
濃,concentrated,nō/ko-i
薄,dilute,haku/usu-i/usu-meru/usu-maru/usu-ragu/usu-reru
縛,truss,baku/shiba-ru
繁,luxuriant,han
避,evade,hi/sa-keru
奮,stirred up,fun/furu-u
壁,wall,heki/kabe
縫,sew,hō/nu-u
膨,swell,bō/fuku-ramu/fuku-reru
謀,conspire,bō/haka-ru
頰,cheek,hoo
磨,grind,ma/miga-ku
麺,noodles,men
薬,medicine,yaku/kusuri
諭,rebuke,yu/sato-su
輸,transport,yu
融,dissolve,yū
擁,embrace,yō
謡,noh chanting,yō/utai/uta-u
頼,trust,rai/tano-mu/tano-moshii/tayo-ru
隣,neighboring,rin/tona-ru/tonari
隷,slave,rei
錬,tempering,ren
録,record,roku
曖,not clear,ai
臆,timidity,oku
嚇,menacing,kaku
轄,control,katsu
環,ring,kan
擬,mimic,gi
犠,sacrifice,gi
矯,rectify,kyō/ta-meru
謹,discreet,kin/tsutsushi-mu
謙,self-effacing,ken
鍵,key,ken/kagi
厳,strict,gen/ogoso-ka/kibi-shii
講,lecture,kō
購,subscription,kō
懇,sociable,kon/nengo-ro
擦,grate,satsu/su-ru/su-reru
謝,apologize,sha/ayama-ru
爵,baron,shaku
醜,ugly,shū/miniku-i
縮,shrink,shuku/chiji-mu/chiji-maru/chiji-meru/chiji-reru/chiji-rasu
償,reparation,shō/tsuguna-u
礁,reef,shō
績,exploits,seki
繊,slender,sen
鮮,fresh,sen/aza-yaka
燥,parch,sō
霜,frost,sō/shimo
戴,be crowned with,tai
濯,laundry,taku
鍛,forge,tan/kita-eru
聴,listen,chō/ki-ku
謄,mimeograph,tō
瞳,pupil,dō/hitomi
謎,riddle,nazo
鍋,pot,nabe
頻,repeatedly,hin
闇,darkness,yami
優,superior,yū/yasa-shii/sugu-reru
翼,wing,yoku/tsubasa
覧,perusal,ran
療,heal,ryō
瞭,clear,ryō
齢,age,rei
穫,harvest,kaku
額,amount,gaku/hitai
顎,jaw,gaku/ago
鎌,sickle,kama
簡,simplicity,kan
観,observe,kan
韓,Korea,kan
顔,face,gan/kao
騎,equestrian,ki
襟,collar,kin/eri
繭,cocoon,ken/mayu
顕,appear,ken
験,test,ken
鎖,chain,sa/kusari
瞬,wink,shun/matata-ku
織,weave,shoku/shiki/o-ru
職,employment,shoku
繕,darning,zen/tsukuro-u
礎,cornerstone,so/ishizue
騒,boisterous,sō/sawa-gu
贈,presents,zō/oku-ru
題,topic,dai
懲,penal,chō/ko-riru/ko-rasu/ko-rashimeru
鎮,tranquilize,chin/shizu-meru/shizu-maru
藤,wisteria,tō/fuji
闘,fight,tō/tataka-u
難,difficult,nan/kata-i/muzuka-shii
藩,clan,han
覆,capsize,fuku/oo-u/kutsugae-su/kutsugae-ru
璧,sphere,heki
癖,mannerism,heki/kuse
翻,flip,hon/hirugae-ru/hirugae-su
癒,healing,yu/i-eru/i-yasu
曜,day of the week,yō
濫,excessive,ran
藍,indigo,ran/ai
糧,provisions,ryō/kate
臨,look to,rin/nozo-mu
類,sort,rui/tagu-i
韻,rhyme,in
艶,glossy,en/tsuya
願,request,gan/nega-u
鏡,mirror,kyō/kagami
繰,winding,ku-ru
警,guard against,kei
鶏,chicken,kei/niwatori
鯨,whale,gei/kujira
璽,emperor's seal,ji
識,discriminating,shiki
蹴,kick,shū/ke-ru
髄,marrow,zui
瀬,rapids,se
藻,seaweed,sō/mo
臓,entrails,zō
覇,hegemony,ha
爆,explode,baku
譜,musical score,fu
簿,register,bo
霧,fog,mu/kiri
羅,gauze,ra
離,detach,ri/hana-reru/hana-su
麗,lovely,rei/uruwa-shii
麓,foot of a mountain,roku/fumoto
議,deliberation,gi
競,compete,kyō/kei/kiso-u/se-ru
響,echo,kyō/hibi-ku
懸,suspend,ken/ka-keru/ka-karu
護,safeguard,go
鐘,bell,shō/kane
譲,defer,jō/yuzu-ru
醸,brew,jō/kamo-su
籍,enroll,seki
騰,inflation,tō
欄,column,ran
艦,warship,kan
顧,look back,ko/kaeri-miru
鶴,crane,tsuru
魔,witch,ma
躍,leap,yaku/odo-ru
露,dew,ro/tsuyu
驚,wonder,kyō/odoro-ku/odoro-kasu
襲,attack,shū/oso-u
籠,basket,rō/kago/ko-moru
鑑,specimen,kan/kanga-miru
鬱,gloom,utsu
