丶九,丸執勢塾摯熟熱
丶丿,的瘍激魔
丶𠂉,施疾旅族遊嫉痴
丶刀,刃忍認
丶亠,夜液就傍蹴
丶几,凡帆汎疫恐
丶丨,施鹿駄駐麗麓
丶亻,伏似住府夜倣液傍傲腐
丶八,然旗熟燃類
丶人,以似食病然腐熟養燃癒
丶刂,痢癒
丶大,犬太伏狂状汰狭狩疾族然献嫉痴獄駄黙獲獣燃類
丶二,丼庸廃旗
丶儿,廃魔
丶幺,約紡
丶一,底房症病術痘瘍獣癒類麗
丶十,献塾熟癖
丶厶,広拡鉱魔
丶勹,的約酌釣瘍
丶子,遊塾熟
丶又,疫度痩渡獲
丶小,約紡就療蹴
丶冂,丹病献腐麗
丶厂,広庁応序床拡底店府疫度庫座疾症席庭唐疲病康痕鹿庶麻庸粧痩痛渡痘廃痢廊鉱嫉痴廉遮腐瘍摩薦糖磨療癖癒麗麓魔
丶万,方芳坊妨防放房肪施倣紡旅旋族訪傍遊傲旗敷激
丶龴,序痛
丶土,坊座執粧勢塾摯熱黙
丶口,店唐詠就痘痴獄塾熟獣糖蹴
丶水,永氷泳康詠
丶丁,庁術
丶干,執献摯
丶日,的瘍稽激
丶王,主狂住往注柱駐養
丶广,広庁応序床拡底店府疫度庫座疾症席庭唐疲病康痕鹿庶麻庸粧痩痛渡痘廃痢廊鉱嫉痴廉遮腐瘍摩薦糖磨療癖癒麗麓魔
丶田,黙獣魔
丶⻌,述遮
丶木,床述柱術麻摩磨麓魔
丶巾,帆席
丶氵,汎汰泳注浪液渡激
丶夂,夜液
丶廿,度席庶渡遮
丶女,妨娘嫉
丶心,応忍恐認癒
丶寸,府狩腐
丶内,病腐
丶丷,執傍献摯養
丶艹,芳獲薦
丶火,然熟燃
丶彳,往術
丶冫,疫疾症疲病痕痩痛痘痢嫉痴瘍療癖癒
丶白,的激
丶月,朗癒
丶矢,疾族嫉痴
丶手,摯摩
丶攵,放倣傲敷激
丶糸,約紡
丶古,塾熟
丶禾,痢稽
丶三,駄駐
丶艮,良食郎娘朗浪痕廊養
丶⻏,郎廊
丶比,鹿麗麓
丶⺼,肪然燃
丶肀,唐康庸糖
丶朮,述術
丶勺,的約酌釣
丶付,府腐
丶疒,疫疾症疲病痕痩痛痘痢嫉痴瘍療癖癒
丶訁,詠獄
丶亖,詠獄
丶言,訪認
丶灬,庶遮駄駐熱黙薦
丶米,粧糖類
丶釒,釣鉱
丶享,塾熟
丶コ,鹿麗麓
丶幸,執摯
丶林,麻摩磨麓魔
丶坴,勢熱
丶圥,勢熱
丶京,就蹴
丶尢,就稽蹴
丶尤,就稽蹴
丶肰,然燃
丶埶,勢熱
丶馬,駄駐
丶孰,塾熟
九八,究熟
九十,枠砕粋酔塾熟
九子,塾熟
九土,執勢塾摯熱
九口,塾熟
九干,執摯
九木,枠染
九丷,執摯
九古,塾熟
九卆,枠砕粋酔
九享,塾熟
九幸,執摯
九坴,勢熱
九圥,勢熱
九埶,勢熱
九孰,塾熟
ノ乃,及扱吸級
ノ𠄎,及扱吸級
ノ丿,及扱吸級
ノ小,少劣沙抄妙歩級砂省秒渉
ノ氵,沙渉
ノ止,歩渉
ノ扌,扱抄
乃𠄎,及扱吸秀級透携誘
乃丿,及扱吸秀級透携誘
乃扌,扱携
乃禾,秀透誘
𠄎丿,及扱吸秀級透携誘
𠄎扌,扱携
𠄎禾,秀透誘
丿弓,弟沸費
丿丨,介弟沸界耐費需端儒
丿亻,伐作伯宿傷閥儀儒縮
丿八,翁費搾賊滅賜願
丿人,介失迭界秩幾腸鉄滅機臓
丿大,失迭秩鉄
丿二,失迭耕秩鉄魂戴翼
丿儿,鬼塊魂魅醜魔
丿幺,級幾綿畿線機縮繊織
丿𠃌,羽成城翁扇習盛翌誠濯翼翻曜躍
丿一,百威耐殊扇域宿減場湯揚陽惑感傷腸滅需端瘍憾儒縮願
丿尸,扇釈
丿十,阜卑栽裁載戦碑繊戴
丿厶,翁鬼塊魂魅醜魔
丿勹,易的物場湯揚陽傷腸瘍賜
丿廾,戒械
丿小,級原戚源歳綿線縮繊織願
丿七,宅託
丿冂,向耐腸需端儒臓
丿厂,原源瘍願魔
丿土,城域場塊
丿口,吸向君郡託域減詐惑感群誠諧憾識議躍
丿水,泉腺線
丿日,白百伯易的拍泊迫皆皇昨泉卑原習宿舶階場湯揚陽楷楽源傷戦腺腸碑綿瘍賜線諧錦激薬縮織職曜願識籍
丿王,皇珠
丿宀,宅宿密搾蜜審縮
丿广,瘍魔
丿田,界鬼番塊魂畿審魅醜戴翼藩翻魔
丿木,朱株耕栽殊珠耗械楷楽魅機薬籍魔
丿巾,帥師綿錦
丿夫,失迭秩鉄
丿氵,泊泌沸減湯源滅激濯藩
丿止,歳躍
丿山,密嵐端
丿扌,扱拍揚携搾
丿弋,成伐我戒茂威城栽域械盛戚幾減裁惑感義歳載誠戦賊滅閥餓畿儀戯蔵憾機犠繊戴織職識臓議
丿井,耕戴翼
丿心,必泌秘密惑感蜜憾
丿寸,寿耐鋳
丿内,腸臓
丿丷,弟釈番審藩翻
丿辶,迭迫追透
丿艹,茂蔵薬藩臓
丿习,羽翁扇習翌濯翼翻曜躍
丿皿,血盛衆
丿未,朱株耕殊珠耗魅籍
丿戊,成茂威城盛戚減感誠滅蔵憾臓
丿戈,成伐我戒茂威城栽域械盛戚幾減裁惑感義歳載誠戦賊滅閥餓畿儀戯蔵憾機犠繊戴織職識臓議
丿⺕,君郡群
丿乇,宅託
丿肉,腸臓
丿立,翌端織職識
丿手,我義餓儀犠議
丿目,費賊賜
丿尹,君郡群
丿糸,級綿線縮繊織
丿乍,作昨詐酢搾
丿禾,秀秩透秘釈番誘審藩翻
丿三,寿鋳
丿旦,場湯揚陽傷腸瘍
丿比,皆階楷諧
丿勿,易物場湯揚陽傷腸瘍賜
丿㠯,阜帥追師
丿𠂤,阜帥追師
丿弗,沸費
丿业,戯繊
丿戌,威減感滅憾
丿訁,託詐誠諧識議
丿亖,託詐誠諧識議
丿貝,費賊賜
丿而,耐需端儒
丿虫,風嵐蜜
丿𠘨,風嵐
丿䖝,風嵐
丿米,釈番審藩翻
丿羊,義群儀犠議
丿甶,鬼塊魂魅醜魔
丿耒,耕耗籍
丿𢦏,栽裁載繊戴
丿酉,酢醜
丿隹,携濯曜躍
丿釒,鋳錦
丿臣,蔵臓
丿或,域惑
丿釆,釈番審藩翻
丿佰,宿縮
丿雨,需儒
丿宓,密蜜
丿咸,減感憾
丿昜,場湯揚陽傷腸瘍
丿音,織職識
丿帛,綿錦
丿異,戴翼
丿翟,濯曜躍
丿戠,織職識
𠂉乙,乞旅乾
𠂉丨,施候
𠂉亻,侮侯候喉
𠂉匕,疑凝擬
𠂉大,矢医知侯候疾族喉短嫉痴疑凝擬矯
𠂉一,気汽短無権舞覧
𠂉十,午年許
𠂉乛,疑凝擬
𠂉小,称繁
𠂉厂,年疾嫉痴
𠂉万,施旅族遊
𠂉土,生姓性青星牲産情清隆晴精静請醒
𠂉口,知許喉短痴請矯臨
𠂉日,星晴復腹複履醒覆
𠂉广,疾嫉痴
𠂉木,梅権
𠂉氵,汽海清
𠂉夂,隆復腹複履覆
𠂉女,姓嫉
𠂉气,気汽
𠂉⺄,気汽
𠂉彳,復履覆
𠂉冫,疾嫉痴凝
𠂉忄,性悔情
𠂉毋,毎侮悔海梅敏繁
𠂉月,青情清晴腹精静請
𠂉攵,敏繁
𠂉龰,疑凝擬
𠂉方,施旅族遊
𠂉疒,疾嫉痴
𠂉訁,許請
𠂉亖,許請
𠂉ユ,侯候喉
𠂉疋,疑凝擬
𠂉臣,覧臨
𠂉复,復腹複履覆
𠂉卌,無舞
𠂉マ,疑凝擬
刀八,分窃盆粉紛貧雰貿照頒寡
刀人,券照
刀大,契喫
刀幺,紛紹潔
刀一,頒寡
刀小,紛紹潔
刀七,切窃
刀口,召拐招沼昭紹喫詔超照
刀日,昭照
刀宀,窃寡
刀田,留瑠
刀氵,沼潔
刀扌,拐招
刀心,忍認
刀目,貧貿
刀糸,紛紹潔
刀丰,契喫潔
刀㓞,契喫潔
刀自,頒寡
刀貝,貧貿
刀𠂎,留貿瑠
刀頁,頒寡
亠𠃊,亡忙妄忘盲荒望慌網
亠几,坑抗航
亠亻,依夜液袋停傍褒
亠刂,刻裂製
亠乂,文対蚊紋斑
亠幺,玄弦畜紋舷率絞蓄網締
亠十,率裁嫡摘滴適敵壊懐
亠小,京紋涼景絞就網影憬締鯨蹴
亠冖,亭帝停傍豪締諦
亠冂,高嫡摘滴適網稿敵骸
亠土,坑裏壊
亠口,京哀亭高停涼景就喪該豪嫡摘滴適影憬稿敵褒鯨蹴
亠力,劾効
亠丁,亭停
亠日,景影憬
亠王,望斑
亠田,畝畜蓄裏鯨
亠木,柿核校褒
亠巾,市姉柿帝製締諦
亠氵,液涼
亠夂,夜液
亠扌,抗摘擁
亠弋,袋裁
亠女,妄姉嫡
亠丷,帝率傍嫡摘滴適締敵諦
亠𧘇,衣依哀衰衷袋裁喪装裂裏製褒壊懐襲
亠艹,荒慌蓄
亠父,交効郊校絞較
亠冋,高稿
亠忄,忙慌憬懐
亠月,望襲
亠糸,紋絞網締
亠亢,坑抗航
亠古,嫡摘滴適敵
亠亥,劾刻核該骸
亠巟,荒慌
亠川,荒慌
亠舟,航舷
亠尢,就蹴
亠尤,就蹴
亠罒,壊懐
亠啇,嫡摘滴適敵
𠃊幺,網懸
𠃊小,県網懸
𠃊廿,世葉
𠃊心,忘懸
𠃊艹,荒慌葉
𠃊忄,忙慌
𠃊目,盲県懸
𠃊糸,網懸
𠃊巟,荒慌
𠃊川,荒慌
几又,投没役殴股疫段殺般殻設毀殿搬穀撃盤鍛
几冖,冗殻穀
几土,坑毀
几木,机殺
几士,殻穀
几氵,汎没
几夂,処拠
几扌,抗投拠搬
几亢,坑抗航
几殳,投没役殴股疫段殺般殻設毀殿搬穀撃盤鍛
几舟,航般搬盤
弓丨,引弔弟沸費
弓八,費窮
弓氵,沸湾溺
弓冫,弱溺
弓弗,沸費
丨亻,他候悠儒
丨八,費窟
丨人,介界騰
丨凵,出屈拙掘堀窟
丨大,候駄騎
丨二,暇騰
丨一,耐需端儒艶麗
丨尸,屈掘堀窟駅
丨勹,色絶駒艶驚
丨又,暇騒
丨冂,耐需端儒麗
丨厂,鹿麗麓
丨土,在地堀
丨口,駒騎艶驚
丨广,鹿麗麓
丨氵,池沸
丨也,他地池施
丨乜,他地池施
丨扌,把拙掘
丨心,患悠
丨丷,弟騰
丨巴,色把肥絶艶
丨巳,色把肥絶艶
丨月,肥騰
丨攵,悠驚
丨吕,串患
丨三,馬駅駆駄駒駐罵篤騎験騒騰驚
丨比,鹿麗麓
丨句,駒驚
丨弗,沸費
丨而,耐需端儒
丨灬,馬駅駆駄駒駐罵篤騎験騒騰驚
丨コ,鹿麗麓
丨雨,需儒
亻匕,化花貨靴傾
亻八,供貨側偵貸傾債賃償
亻人,似倫腐僕
亻刂,例倒側創
亻大,伏侯俺候俸喉
亻二,仁伝健僕
亻幺,係縮
亻一,体但低併例便値倒俸倫宿傾傷儒縮優
亻尸,倉創
亻十,伎伴個値俸
亻厶,仏伝倒
亻又,仮伎侵
亻小,係僚縮償
亻冖,侵停傍
亻冂,腐儒償
亻厂,仮府備腐
亻万,倣傍傲
亻土,佳侍倒働
亻口,何伺使促保侶荷個倉倍停喉創褒償
亻丁,何荷停
亻夕,例傑
亻日,但伯俺借宿傷僧億縮
亻宀,宿縮
亻广,府腐
亻田,僧働
亻木,休体保傑褒
亻士,仕傲
亻囗,便個
亻夂,夜俊修液優
亻山,仙催
亻弋,代伐袋貸閥儀
亻心,悠億優
亻寸,付侍府附符腐
亻丷,併傍僧
亻𧘇,依俵袋褒
亻艹,花荷
亻龷,供借
亻戈,伐閥儀
亻壬,任賃
亻白,伯宿縮
亻立,位倍億
亻矢,侯候喉
亻可,何荷
亻攵,倣悠傲
亻目,値貨側偵貸債賃償
亻糸,係縮
亻旦,但傷
亻龶,俵債
亻方,倣傍傲
亻衣,依袋
亻ユ,侯候喉
亻冊,倫偏
亻貝,貨側偵貸債賃償
亻呆,保褒
亻佰,宿縮
亻百,宿縮
匕八,貨頃煮傾賭
匕人,背脂煮
匕大,疑凝擬
匕幺,紫緒
匕一,死頃葬傾
匕尸,尼泥
匕厶,能熊態罷
匕勹,匂喝渇掲褐謁
匕乛,疑凝擬
匕小,紫緒
匕冂,背脂
匕口,喝詣謁諸
匕夕,死葬
匕日,旨者指脂喝渇掲著都煮暑褐詣署緒謁稽諸箸賭
匕氵,泥渇
匕止,紫雌
匕扌,指掲擬
匕内,背脂
匕丬,北背
匕艹,花著葬
匕耂,老者著都煮暑署緒諸箸賭
匕歹,死葬
匕肉,背脂
匕月,能熊態罷
匕矢,疑凝擬
匕目,貨賭
匕糸,紫緒
匕龰,疑凝擬
匕訁,詣謁諸
匕亖,詣謁諸
匕自,頃傾
匕疋,疑凝擬
匕貝,貨賭
匕頁,頃傾
匕䏍,能熊態罷
匕此,紫雌
匕罒,署罷
匕マ,疑凝擬
八人,火灰灯災炎炊炉秋炭畑淡貪煮勝焼焦然煙愁照煩滅憎領賛熟談燃礁燥爆
八刂,則側測
八大,突然燃類
八二,基期棋欺勝頑碁旗賛購
八儿,焼頑
八幺,紛率総績
八一,呉兵炉夏娯浜頃窒頂貪貴項順焼須虞頑傾頓煩頒滅預演寡誤領遺潰賓賦頭頰頼購頻額顎顔顕題類願瀬顧
八尸,炉窟殿顧
八十,黄率焼演横熟噴墳憤
八厶,公松翁訟窓窒総
八亼,貪領
八乛,貪題
八又,販殿賢
八廾,焼噴墳憤
八小,紛総賞賓償績願
八冂,賞購償
八厂,灰炭販願
八𠂇,賊賄
八土,基窒煙墳購
八口,呉沿員唄娯訟船賀貼鉛虞照損賂誤熟賞談賠噴頭頼償燥額韻瀬
八力,賀勝
八丁,灯頂貯
八斤,兵浜質
八日,煮照憎賜暴賭顕贈題韻願爆
八宀,穴究空突窃控窓窒貯窟搾演寡窮賓窯額
八工,空貢控項
八田,畑憎贈
八⻌,遺選
八木,松棋横頼燥瀬
八囗,黄演横
八夫,勝賛
八氵,沿洪浜淡港測滅演漬潰瀬
八夂,夏賂額
八止,賦頻
八⺊,貞偵貼
八扌,控搾摂損
八弋,貸賊滅賦
八心,窓愁総
八丷,率摂憎窯贈
八龷,共供洪基黄期棋欺港碁殿旗横選暴爆
八冋,賞償
八耂,煮賭
八欠,炊欺資
八巛,災順
八𡿨,災順
八戈,賊滅
八中,貴遺潰
八犬,然燃類
八忄,慣憤
八毋,貫慣
八月,期勝賄
八立,賠韻
八化,貨傾
八目,貝則貞負員唄貢財貨貫責側偵貪敗販貧賀貴測貸貯貼買費貿債資賊損賃賂賄慣漬遺潰賛賜質賞賠賓賦噴墳憤賢積賭購償績鎖贈韻
八彡,須顔
八糸,紛総績
八𠃑,呉娯虞誤
八禾,秋愁積
八龶,責債漬積績
八丘,兵浜
八戸,炉顧
八㕣,沿船鉛
八石,碁礁
八⺼,然燃
八老,煮賭
八由,黄演横
八束,頼瀬
八卉,焼噴墳憤
八各,賂額
八訁,訟誤談
八亖,訟誤談
八自,夏頃頂項順須頑傾頓煩頒預寡領頭頰頼頻額顎顔顕題類願瀬顧
八米,粉類
八頁,夏頃頂項順須頑傾頓煩頒預寡領頭頰頼頻額顎顔顕題類願瀬顧
八隹,焦礁顧
八釒,鉛鎖
八其,基期棋欺碁旗
八尚,賞償
八者,煮賭
八肰,然燃
八曽,憎贈
八氺,暴爆
八賁,噴墳憤
人㐅,胸脳
人刂,削愉諭輸癒
人凵,胸脳齢
人大,失迭秩然鉄燃
人二,夫失会扶券迭拳秩規渓絵勝替漢嘆鉄僕賛潜撲謄難鶏騰
人儿,規脱焼
人幺,絵幾給機
人一,今丙令合含吟余冷肩念命炉拾叙胆肺柄徐除途病倫斜貪捻給琴焼替塔搭答愉腸塗煩滅鈴零領潜輪論諭輸齢癒
人尸,肩炉
人十,肢卒傘焼熟
人厶,会胎脚絵
人勹,胸腸
人亼,今令合含吟余冷念命拾叙徐除途倫斜貪捻給琴塔搭答愉塗鈴零領輪論諭輸齢癒
人乛,今含吟念貪捻琴
人又,肢叙
人小,肖削宵消絵給硝
人冂,内丙肉肌肝肖育肩肯肢削胎胆背肺柄胸脅骨脂宵消脊病脚脱脳硝滑腸腰腐徹撤骸髄臓
人厂,灰炭病腐癒
人土,舎脚捨塔煙塗舗
人口,合含舎命拾胎捨脱給塔搭答漢照嘆熟談舗燥難
人力,脅勝
人日,胆脂煮照腸憎爆
人王,琴養
人广,病腐癒
人田,界畑憎
人木,柄機燥
人囗,囚吟替潜
人巾,肺飾
人氵,消渓淡滑漢塗滅潜
人止,企肯齢
人扌,扶拾捨捻搭撤撲
人弋,幾滅機臓
人心,念捻愁癒
人丷,券拳脱憎養謄騰
人辶,迭途髄
人卩,令冷命脚鈴零領齢
人艹,塔搭漢嘆難臓
人云,会絵
人曰,替潜
人彳,徐徹
人冫,冷病癒
人𠫓,育徹撤
人戊,滅臓
人戈,幾滅機臓
人犬,然燃
人月,勝愉諭輸謄癒髄騰
人攵,徹撤
人目,規貪賛
人糸,絵給
人禾,秋秩愁
人艮,食養
人旦,胆腸
人䒑,僕撲
人朩,余叙徐除途斜塗
人戸,肩炉
人石,硝礁
人龹,券拳謄騰
人⺼,然燃
人爫,渓鶏
人𠮷,舎捨舗
人业,僕撲
人疒,病癒
人車,輪輸
人冊,倫輪論
人自,煩領
人良,食養
人言,論諭謄
人刖,愉諭輸癒
人貝,貪賛
人覀,煙腰
人頁,煩領
人凶,胸脳
人冎,骨滑骸髄
人隹,焦礁難
人侖,倫輪論
人肰,然燃
人㚘,替潜
人荅,塔搭
人金,鉄鈴
人俞,愉諭輸癒
人𦰩,漢嘆難
人菐,僕撲
㐅刂,刈刹
㐅凵,凶胸悩脳
㐅一,気置
㐅冂,胸脳置
㐅内,胸脳
㐅肉,胸脳
㐅⺍,悩脳
刂一,刑列到例型倒烈愉裂諭輸癒
刂尸,刷創
刂厶,到倒
刂亼,愉諭輸癒
刂廾,刑型
刂冂,削剛
刂厂,痢癒
刂土,到型倒
刂口,剖割創
刂夕,列例烈裂
刂广,痢癒
刂木,刹梨
刂巾,刷制帰製
刂𧘇,裂製
刂开,刑型
刂牛,制製
刂歹,列例烈裂
刂冫,痢癒
刂月,前愉煎諭輸癒
刂目,則側測
刂禾,利梨痢
刂䒑,前剛煎
刂衣,裂製
刂至,到倒
刂疒,痢癒
刂言,罰諭
刂刖,前愉煎諭輸癒
刂貝,則側測
刂灬,烈煎
刂俞,愉諭輸癒
凵尸,屈掘堀窟
凵十,帯棄滞
凵冖,帯滞
凵冂,胸脳
凵巾,帯滞
凵止,歯齢
凵扌,拙掘
凵内,胸脳
凵肉,胸脳
凵⺍,悩脳
凵米,歯齢
凵丗,帯棄滞
匸乂,区欧殴枢駆
大二,失実迭奈秩鉄
大儿,喚換
大一,天戻奉咲送蚕朕俸涙添短棒関衡獣類
大尸,戻涙
大十,奉奔俸棒献
大厶,参惨
大乛,疑凝擬
大冂,喚換献矯
大厂,疾嫉痴
大土,埼黙
大口,因奇知咽姻咲恩寄埼崎椅喚喫喉短嗅誇痴獄器獣矯騎
大丁,奇寄埼崎椅衡騎
大日,俺漠
大王,狂美
大宀,実突狩寄
大广,疾嫉痴
大田,黙衡獣奮
大⻌,送遷
大木,椅棒
大夫,失迭秩鉄
大氵,汰涙添漠
大扌,換擬
大女,姻嫉
大寸,狩奨
大丷,咲送美朕献関
大丬,状奨
大艹,漠獲
大火,然燃
大⺈,喚換衡
大冫,疾嫉痴凝
大可,奇寄埼崎椅騎
大彡,参惨
大三,駄騎
大龰,疑凝擬
大丰,契喫
大戸,戻涙
大⺼,然燃
大𡗗,奉俸棒
大疒,疾嫉痴
大㓞,契喫
大訁,誇獄
大亖,誇獄
大ユ,侯候喉
大关,咲送朕関
大自,臭嗅類
大疋,疑凝擬
大灬,駄黙騎
大米,奥類
大隹,奪獲奮
大奐,喚換
大肰,然燃
大馬,駄騎
大マ,疑凝擬
大奞,奪奮
二儿,元完玩冠発院規廃頑魂
二一,互弐書替頑溝構潜講購
二尸,尉慰
二厶,会伝芸転雲絵魂曇
二又,祭暇際察擦
二小,示宗奈尉祭崇票絵款禁際察漂慰踪標隷擦襟
二冂,溝構講購
二厂,庸廃
二土,基溝構講購
二口,囲悟漢嘆語踪講難
二日,暇曇
二宀,完実宗院崇察踪擦
二广,庸廃
二田,異魂戴翼
二木,耕棋禁構標襟
二士,款隷
二囗,書替潜
二氵,津渓漢溝漂潜
二扌,扶撲擦
二弋,弐戴
二寸,冠尉慰
二丷,券拳謄騰
二艹,芸漢嘆難
二云,会伝芸転雲絵魂曇
二龷,基期棋欺碁旗
二曰,書替潜
二冉,溝構講購
二欠,款欺
二月,祭期勝際察擦謄騰
二目,規賛購
二廴,建健鍵
二䒑,僕撲
二⻖,院際
二共,基期棋欺碁旗
二龹,券拳謄騰
二肀,建津律書健粛庸筆隷鍵
二爫,渓鶏
二业,僕撲
二訁,語講
二亖,語講
二聿,建津律書健粛庸筆鍵
二貝,賛購
二癶,発廃
二覀,票漂標
二吾,悟語
二其,基期棋欺碁旗
二雨,雲曇
二林,禁襟
二㚘,替潜
二𦰩,漢嘆難
二冓,溝構講購
二再,溝構講購
二菐,僕撲
儿幺,統続
儿一,光暁焼頑輝覧
儿十,克暁焼
儿厶,鬼塊魂魅醜魔
儿廾,暁焼
儿小,統続
儿冖,売続読輝
儿冂,商脱喚換
儿厂,廃魔
儿匚,匹甚勘堪
儿土,堪塊境
儿口,兄克況呪祝悦党商脱喚税説鋭閲競
儿力,勉勘
儿日,児暁晩境鏡
儿宀,完院寛
儿广,廃魔
儿田,鬼塊魂魅醜魔
儿木,魅親魔
儿士,売続読
儿氵,況洗
儿丷,悦脱税説鋭閲
儿礻,祝視
儿⺈,免勉逸喚換晩
儿⺌,光輝
儿兀,光暁焼輝
儿𠫓,充統銃
儿⺧,先洗
儿立,商境親鏡競
儿目,見規現視覚寛親覧観
儿糸,統続
儿卉,暁焼
儿甘,甚勘堪
儿癶,発廃
儿兑,悦脱税説鋭閲
儿甶,鬼塊魂魅醜魔
儿釒,銃鋭鏡
儿奐,喚換
儿尭,暁焼
儿音,境鏡
儿竟,境鏡
幺一,給練緩縮
幺十,索率繊
幺厶,絵総
幺勹,約絶
幺子,孫遜
幺又,経緩緊
幺小,糸系紀級糾係紅約索紙純素孫納紛紡紋経紺細終紹紳組累絵給結絞紫絶統絡継絹続維綱緒総遜綿網緑練縁緩緊潔縄線締編緯縦縛繁縫縮績繊繭織繕繰羅懸
幺冖,索続締
幺冂,納綱網繭
幺口,紹給結絡絹練繕繰
幺日,緒綿縄線縮織響
幺田,畜細累蓄畿
幺木,練機繰
幺士,結続
幺巾,綿締
幺氵,滋潔
幺夂,後終絡縫
幺山,幽綱
幺弋,幾畿機繊織
幺心,慈総懸
幺丷,率締繕
幺辶,遜縫
幺艹,蓄繭
幺彳,後縦
幺戈,幾畿機繊織
幺白,綿線縮
幺立,織響
幺目,績懸
幺艮,郷響
幺䒑,滋慈綱磁網縦繕
幺⻏,郷響
幺龶,素績
幺丰,潔縫
幺隹,維羅
幺兹,滋慈磁
幺音,織響
𠃌口,誠躍
𠃌日,習曜
𠃌田,翼翻
𠃌弋,成城盛誠
𠃌习,羽翁扇習翌濯翼翻曜躍
𠃌戊,成城盛誠
𠃌戈,成城盛誠
𠃌隹,濯曜躍
𠃌翟,濯曜躍
一尸,戸戻肩所房炉屋昼扇涙啓握雇扉塀顧
一十,直奉値俸暁焼植殖棒鼓置演
一厶,至到屋室致倒窒握緻
一勹,殉場湯揚陽傷腸瘍艶
一亼,今令合含吟余冷念命拾叙徐除途倫斜貪捻給琴塔搭答愉塗鈴零領輪論諭輸齢癒
一乛,今含吟念貪捻琴題
一又,叙媛援最鼓暖緩撮
一廾,刑形併型研瓶開暁焼葬塀餅
一小,給練緩賓縮願
一冂,丙再同両肩耐胆洞肺柄胴病筒満溝置腸構需端銅興儒講購麗
一厂,底症病痘瘍癒願麗
一𠂇,媛援暖緩
一亅,事預
一土,再至到屋垣型室致倒域窒握街場塔塀量溝塗構衝壇緻講購糧
一口,合同含呉豆事東命咲拾洞娯凍胴域啓唱陳喜給減証短塔搭棟痘登答筒惑虞隔感鼓豊誤銅練誕澄憾還興樹獣整頭膨融頼錬環講額闘艶瀬
一丁,芋宇行桁術頂街衝衛衡
一夕,死列例残殊殉烈殖葬裂舞
一斤,丘兵岳所浜
一日,旦百但担垣恒宣胆昼殉宿唱得暁場湯揚陽量傷暖腸瘍壇縮顕題糧願
一王,琴環
一宀,室宣宿窒演寡賓縮額
一广,底症病痘瘍癒麗
一田,量衝衡獣糧
一｜,直値植殖置
一⻌,送遭遺還
一木,本体東柄桁殊凍梗術陳極植棟棒鉢構練権槽樹整頼錬瀬
一士,喜鼓樹膨
一囗,曲吟更便書梗唱曹硬最替農豊演遭撮潜槽濃艶
一夫,替潜
一氵,汽洞浜涙添減湯満溝塗滅演潰潜澄瀬
一夂,夏憂優額
一止,正延征武政症証誕賦整頻齢
一山,両岳満端懲
一扌,宇担抵拝拾捻握援搭揚撮
一弋,弐武威域減惑感滅賦憾
一女,威娯媛
一井,溝構講購
一心,念捻惑感憂憾優懲癒
一寸,耐得樹闘
一内,丙肩胆肺柄病腸
一丷,併咲送朕瓶塀関餅
一氏,低底抵邸
一卩,令冷命鈴零領齢
一𧘇,裂還環
一艹,芋葬塔搭
一于,芋宇
一火,炉焼煩滅
一气,気汽
一⺄,気汽
一曰,曲更便書梗唱曹硬最替農豊遭撮潜槽濃艶
一开,刑形併型研瓶開塀餅
一⺌,光輝
一兀,光暁焼輝
一彳,行征桁徐術得街衝衛衡懲
一亍,行桁術街衝衛衡
一冉,再溝構講購
一歹,死列例残殊殉烈殖葬裂
一冫,冷症凍病痘瘍癒
一戊,威減感滅憾
一戈,威域減惑感滅憾
一中,貴遺潰
一肉,肩胆肺腸
一白,百宿縮願
一犬,獣類
一忄,恒愉憾
一月,朕胴愉憂膨諭輸優癒
一攵,政致啓整緻懲
一目,直値貪貴植殖置遺潰賓賦購覧
一彡,形須膨顔
一糸,給練緩縮
一𠃑,呉娯虞誤
一氐,低底抵邸
一廴,延誕
一䒑,豆喜短痘登鼓豊澄樹頭膨闘艶
一友,媛援暖緩
一⻖,除陳陽隔
一朩,余叙徐除途斜塗
一勿,場湯揚陽傷腸瘍
一石,研硬
一爫,媛援暖緩
一耳,最撮
一束,東凍陳棟練整頼錬瀬
一并,併瓶塀餅
一业,霊顕
一𡗗,奉俸棒
一卉,暁焼
一戌,威減感滅憾
一疒,症病痘瘍癒
一亘,垣恒宣
一車,輝輪輸
一訁,証誤誕講
一亖,証誤誕講
一冊,倫輪論
一关,咲送朕関
一自,夏頃頂項順須頑傾頓煩頒預寡領頭頰頼頻額顎顔顕題類願瀬顧
一里,量衝糧
一言,論諭
一刖,愉諭輸癒
一貝,貪貴遺潰賓賦購
一而,耐需端儒
一灬,烈無
一虫,蚕融
一癶,登澄
一米,齢糧類
一頁,夏頃頂項順須頑傾頓煩頒預寡領頭頰頼頻額顎顔顕題類願瀬顧
一隹,雇権顧
一⺮,答筒
一辰,農濃
一釒,鉢銅
一侖,倫輪論
一或,域惑
一佰,宿縮
一雨,需儒
一門,開関闘
一爰,媛援暖緩
一丅,隔融
一壴,喜鼓樹膨
一尭,暁焼
一咸,減感憾
一取,最撮
一昜,場湯揚陽傷腸瘍
一㚘,替潜
一荅,塔搭
一金,鈴錬
一罒,還環
一卌,無舞
一俞,愉諭輸癒
一鬲,隔融
一𦉪,隔融
一冓,溝構講購
一⻗,零霊
一㥑,憂優
一睘,還環
尸十,居届据裾
尸厶,屋握
尸小,尉慰
尸土,屋堀握塀
尸口,局居倉啓据創裾嘱
尸日,昼層履
尸氵,沢泥涙漏
尸扌,択掘据握
尸寸,尉慰
尸丷,釈塀層
尸龷,展殿
尸古,居据裾
尸出,屈掘堀窟
尸示,尉慰
尸至,屋握
尸隹,雇顧
尸禹,属嘱
十子,享郭塾熟
十又,支伎岐技枝肢鼓
十廾,升昇奔飛暁焼噴墳憤
十小,索繊
十冖,索帯滞
十冂,肢南献置嫡摘滴適敵
十厂,年癖
十土,塾墳壊壁
十口,古克居享苦固計故枯個郭許据湖鼓辞裾箇塾嫡摘滴適辣熟嘲敵噴錮
十干,南献
十日,早昇卓草単卑章悼暁弾朝戦禅彰障碑嘲潮韓
十宀,宙宰演
十田,畔戴
十｜,直値植殖置
十木,枝枠枯栽植棒棄辣横
十囗,由固宙抽届油個袖黄笛軸演箇横錮
十巾,帯滞
十氵,汁油湖準滞演潮
十⺊,卓悼
十扌,技抽据摘
十弋,栽裁載戦繊戴
十心,徳聴
十丷,南率献嫡摘滴適敵
十辶,適避
十𧘇,裁壊懐
十艹,苦草
十火,焼熟
十龷,黄横
十兀,暁焼
十戈,栽裁載戦繊戴
十白,卑碑
十忄,悼慎憤懐
十月,湖朝嘲潮
十立,辛宰章辞彰障辣避壁璧癖
十攵,故敵
十目,直真値植殖慎置噴墳憤鎮
十糸,索繊
十衤,袖裾
十⺍,単弾戦禅
十衣,裁壊懐
十石,砕碑
十ハ,真慎鎮
十𡗗,奉俸棒
十卉,奔暁焼噴墳憤
十卆,枠砕粋酔
十車,軸載
十訁,計許
十亖,計許
十貝,噴墳憤
十𢦏,栽裁載繊戴
十具,真慎鎮
十釒,針錮
十丗,帯棄滞
十丸,塾熟
十尭,暁焼
十龺,朝嘲潮韓
十罒,徳壊懐聴
十孰,塾熟
十啇,嫡摘滴適敵
十賁,噴墳憤
十辟,避壁璧癖
十𡰪,避壁璧癖
厶小,絵総
厶冂,胎脚
厶厂,広拡鉱魔
厶土,去至却到法屋室致倒脚窒握塊緻
厶口,台冶始治怠胎訟
厶宀,室窓窒
厶广,広拡鉱魔
厶田,鬼塊魂魅醜魔
厶木,松魅魔
厶氵,治法
厶扌,払拡握
厶心,怠窓総態
厶内,胎脚
厶卩,却脚
厶云,会伝芸転雲絵魂曇
厶肉,胎脚
厶月,能熊態罷
厶攵,致緻
厶穴,窓窒
厶彡,参惨
厶糸,絵総
厶甶,鬼塊魂魅醜魔
厶䏍,能熊態罷
厶雨,雲曇
勹小,約絶
勹冂,胸腸
勹土,均場
勹口,句拘喝敬謁駒艶警驚
勹日,旬易的殉喝渇掲場湯揚陽褐傷腸瘍謁賜
勹氵,泡渇湯潟濁
勹扌,拘抱掲揚
勹内,胸腸
勹己,包抱泡胞砲飽
勹艹,菊敬警驚
勹冫,均瘍
勹巴,色絶艶
勹巳,色絶艶
勹肉,胸腸
勹攵,敬警驚
勹糸,約絶
勹三,駒驚
勹旦,場湯揚陽傷腸瘍
勹⻖,陶陽
勹勿,易物場湯揚陽傷腸瘍賜
勹勺,的約酌釣
勹灬,潟駒驚
勹苟,敬警驚
勹昜,場湯揚陽傷腸瘍
勹馬,駒驚
子乚,孔乳
子小,孫遜
子口,享郭塾熟
子辶,遊遜
子耂,孝教酵
子糸,孫遜
子古,享郭塾熟
子爫,乳浮
子孚,乳浮
子系,孫遜
子丸,塾熟
子孰,塾熟
乚日,俺竜滝電
乚立,竜滝
乚电,俺竜滝電
亼乛,今含吟念貪捻琴
亼土,塔塗
亼口,合含命拾給塔搭答
亼扌,拾捻搭
亼心,念捻癒
亼卩,令冷命鈴零領齢
亼艹,塔搭
亼冫,冷癒
亼月,愉諭輸癒
亼朩,余叙徐除途斜塗
亼車,輪輸
亼冊,倫輪論
亼言,論諭
亼刖,愉諭輸癒
亼侖,倫輪論
亼荅,塔搭
亼俞,愉諭輸癒
乛口,含疎
乛日,是堤提題
乛木,疎礎
乛扌,捻提擬
乛心,念捻
乛矢,疑凝擬
乛龰,是旋婿疎堤提疑凝擬礎題
乛疋,是旋婿疎堤提疑凝擬礎題
乛マ,疑凝擬
又小,叔経祭寂淑督際察緩緊擦
又冖,受侵浸殻授寝穀
又厂,反仮坂阪返板版疫度販痩渡飯
又𠂇,友抜媛援暖髪緩
又土,坂怪径茎経軽堅報毀趣
又口,設鼓護
又日,暇暖慢漫
又宀,寂寝察擦
又广,疫度痩渡
又木,枝板殺桑
又士,殻鼓穀
又囗,最撮
又氵,没浸淑渡漫
又廿,度渡
又扌,技投抜捜授援搬撮擦
又女,奴努怒媛
又卩,服報
又艹,茎獲穫護
又曰,最撮
又彳,役径
又冫,疫痩
又⺕,侵浸寝
又忄,怪慢
又月,服祭腎際察擦
又目,販督賢
又糸,経緩緊
又禾,穀穫
又爪,受授
又殳,投没役殴股疫段殺般殻設毀殿搬穀撃盤鍛
又⻖,阪際
又圣,怪径茎経軽
又爫,媛援暖緩
又耳,取最撮趣
又示,祭際察擦
又尗,叔寂淑督
又上,叔寂淑督
又𠬝,服報
又疒,疫痩
又車,軽撃
又訁,設護
又亖,設護
又貝,販賢
又舟,般搬盤
又隹,隻獲穫護
又臣,堅腎緊賢
又爰,媛援暖緩
又臤,堅腎緊賢
又罒,慢漫
又曼,慢漫
又蒦,獲穫護
廾土,型塀墳
廾日,昇暁
廾弋,戒械
廾丷,併瓶塀餅
廾开,刑形併型研瓶開塀餅
廾兀,暁焼
廾戈,戒械
廾目,算噴墳憤
廾并,併瓶塀餅
廾卉,奔暁焼噴墳憤
廾貝,噴墳憤
廾尭,暁焼
廾賁,噴墳憤
小冖,索続締
小冂,肖尚削宵消納常堂掌硝綱網賞償繭
小厂,原源療願
小土,経堂
小口,京尚紹常堂涼給景結就掌絡絹練影憬賞踪償繕繰鯨蹴
小水,線隷
小日,原景源緒綿影憬縄線縮織願
小宀,宗宵寂崇察踪賓寮擦縮
小田,細累鯨
小木,禁練標襟繰
小士,款結続隷
小巾,常綿締
小氵,沙消淑渉涼源漂潔
小夂,終絡縫
小止,歩渉紫歳踪
小山,崇綱
小扌,抄擦
小弋,戚歳繊織
小心,総慰懸
小寸,尉慰縛
小内,肖削宵消硝
小丷,締繕
小辶,遜縫
小冋,尚常堂掌賞償
小戈,戚歳繊織
小肉,肖削宵消硝
小白,原源綿線縮願
小月,祭絹際察擦
小目,県省督賞賓償績瞭懸
小禾,秒称
小䒑,綱網縦繕
小龶,素績
小丰,潔縫
小石,砂硝
小尗,叔寂淑戚督
小上,叔寂淑戚督
小貝,賞賓償績
小覀,票漂標
小隹,維羅
小林,禁襟
小尢,就蹴
小尤,就蹴
小尞,僚寮療瞭
小昚,僚寮療瞭
冖口,亭停営豪
冖丁,亭停
冖夕,夢瞬
冖日,冥曖
冖田,畳彙
冖木,栄彙鬱
冖士,壱売殻続穀読
冖巾,帝帰帯掃婦滞締諦
冖氵,浸滞
冖夂,愛曖
冖扌,授掃揮
冖心,愛曖
冖丷,帝傍締諦
冖⺕,侵浸寝
冖彐,帰掃婦
冖糸,索続締
冖爪,受授愛曖
冖殳,殻穀
冖⺍,労栄蛍営
冖車,軍運揮輝
冖言,読諦
冖豕,塚豪
冖帚,帰掃婦
冖丗,帯滞
七宀,宅窃
七乇,宅託
冂厂,病腐麗
冂土,再周脚週彫堂溝構調講購
冂口,向同周尚胎洞高胴週商常脱彫堂喚掌筒嫡摘滴適銅稿賞調敵橋興矯講償
冂干,肝南献
冂日,胆脂腸
冂广,病腐麗
冂木,柄構橋
冂巾,肺常
冂氵,洞消満滑溝
冂山,両岡剛満綱端鋼
冂扌,換摘撤
冂女,腰嫡
冂井,溝構講購
冂寸,耐腐
冂丷,南脱献嫡摘滴適敵
冂辶,適髄
冂艹,繭臓
冂⺈,喚換
冂冋,向尚高常堂掌稿賞橋矯償
冂冉,再溝構講購
冂𠫓,育徹撤
冂月,胴髄
冂立,商端
冂攵,敵徹撤
冂目,置賞購償
冂糸,納綱網繭
冂古,嫡摘滴適敵
冂旦,胆腸
冂䒑,岡剛綱網鋼
冂夭,橋矯
冂𠮷,周週彫調
冂貝,賞購償
冂而,耐需端儒
冂凶,胸脳
冂冎,骨滑骸髄
冂釒,銅鋼
冂雨,需儒
冂奐,喚換
冂冓,溝構講購
冂啇,嫡摘滴適敵
冂喬,橋矯
厂万,励栃
厂㔾,厄危
厂龴,序痛
厂土,圧坂厘座涯粧
厂口,店唐痘痴糖
厂日,厚原源瘍暦願
厂广,広庁応序床拡底店府疫度庫座疾症席庭唐疲病康痕鹿庶麻庸粧痩痛渡痘廃痢廊鉱嫉痴廉遮腐瘍摩薦糖磨療癖癒麗麓魔
厂田,厘魔
厂木,床板栃麻暦摩磨麓魔
厂氵,涯渡源
厂廿,度席庶渡遮
厂山,岸炭
厂心,応癒
厂寸,府腐
厂内,病腐
厂火,灰炭
厂冫,疫疾症疲病痕痩痛痘痢嫉痴瘍療癖癒
厂白,原源願
厂矢,疾嫉痴
厂用,痛備
厂艮,痕廊
厂比,鹿麗麓
厂厉,励栃
厂肀,唐康庸糖
厂付,府腐
厂疒,疫疾症疲病痕痩痛痘痢嫉痴瘍療癖癒
厂灬,庶遮薦
厂米,粧糖
厂コ,鹿麗麓
厂林,麻摩磨麓魔
匚甘,甚勘堪
万攵,放倣傲敷激
万厉,励栃
𠂇土,在堕
𠂇口,右若匿諾
𠂇工,左佐差惰
𠂇巾,布希怖
𠂇扌,抜援
𠂇辶,随髄
𠂇艹,若匿諾
𠂇忄,怖惰
𠂇月,有随堕惰賄髄
𠂇目,賊賄
𠂇⻖,随堕
𠂇爫,媛援暖緩
𠂇貝,賊賄
𠂇爰,媛援暖緩
𠂇迶,随髄
龴亅,予序野預
龴力,勇湧
龴广,序痛
龴田,勇野湧
龴用,通痛踊
龴男,勇湧
龴甬,通痛踊
亅土,野静
亅⺈,争浄静
亅⺕,争事浄静
土口,吐舎周域埼捨週唾彫堂培超塔園猿遠詩塾請調舗講
土力,動勢働勲
土丁,埼街衝
土卜,赴掛
土干,幸坪執報摯
土日,垣星時場晴堤量境増醒壇糧
土宀,室窒
土广,座粧
土田,里重厘埋黒動野理童量塁塊腫働裏種増墨勲憧衝黙薫瞳糧鐘
土⻌,週遠
土氵,法涯清溝塗
土扌,持挫掛捨握
土弋,城域
土井,溝構講購
土寸,寺侍持待封時特等詩
土丷,幸坪執塀報増摯墜
土卩,却脚報
土𧘇,園猿遠裏壊
土艹,茎塔墓薫
土开,型塀
土牛,牲特
土彳,径待徒街衝
土亍,街衝
土冉,再溝構講購
土冫,均塁
土戈,城域
土千,重動腫働種勲衝薫
土忄,怪性情憧
土月,青情清晴堕腫塑精静請
土立,培童境憧壁瞳鐘
土攵,致緻
土目,睡睦墳購瞳
土龰,走赴起徒越超堤趣
土旦,垣場量壇糧
土⻖,陛陸隆堕墜
土圭,佳封涯掛街
土圣,怪径茎経軽
土𠮷,舎周捨週彫園猿遠調舗
土訁,詩請講
土亖,詩請講
土貝,墳購
土灬,黒墨熱黙
土米,粧精糧
土豕,塚墜
土行,街衝
土坐,座挫
土从,座挫
土丸,執勢塾摯熱
土坴,陸勢睦熱
土圥,陸勢睦熱
土袁,園猿遠
土冓,溝構講購
土埶,勢熱
土⺣,勲薫
口水,詠踏
口力,加架勅賀
口丁,可何河苛奇亭荷寄埼崎停椅歌騎
口夕,名銘
口斤,哲訴
口日,昭喝唱景詣照影謁憬諸嘲踏諧韻識譜
口王,呈善程聖詮膳環繕
口宀,客害宮寄割踪憲轄額
口工,尋試
口广,店唐痘痴糖
口田,略課獣鯨
口⻌,造速週過遠還
口木,束東味架枯勅保格速凍陳椅疎棟辣練課褒橋樹整操謀頼錬燥繰瀬藻
口士,吉喜結詰鼓誌樹膨
口囗,固個唱豊箇錮艶
口夫,漢嘆難
口氵,沿河況治沼活洞涼渦減湖落漢澄瀬藻
口夂,各客格唆略絡落酪賂路閣額露
口止,証踪誕整躍
口⺊,占店点粘貼
口扌,拐拘招括拾捉哲捨据搭損摘操
口弋,域減惑感試誠憾識議
口女,如始姻娯嫡
口井,囲講
口心,怠恩惑感誌憾憩憲
口寸,討尋詩樹謝闘
口内,胎脱
口丷,咲悦脱税善説嫡摘滴適鋭閲敵膳繕
口辶,適謎
口礻,祝禍
口𧘇,哀喪園猿遠褒還環
口艹,苛苦若荷匿敬塔搭落漢嘆諾難警藻護驚
口火,照熟談燥
口⺈,喚鯨
口曰,唱豊艶
口冋,向尚高常堂掌稿賞橋矯償
口冫,冶凍痘痴諮
口欠,歌諮
口戊,減感誠憾
口戈,域減惑感誠憾識議
口千,舌乱括活辞話憩
口⺧,告造酷
口⺕,君事郡群
口肉,胎脱
口犬,獄獣
口忄,悦悟憬憾
口月,胴湖絹請嘲膳膨
口丈,吏使
口立,倍剖商培陪部辞辣賠韻識競
口矢,知喉短痴矯
口手,掌議
口攵,故啓敬敵整警驚
口目,員唄賀貼損賂賞賠噴償韻
口尹,君郡群
口彡,彫診影膨
口糸,紹給結絡絹練繕繰
口𠃑,呉娯虞誤
口禾,和税程稿
口三,駒騎驚
口龰,足促捉距疎超践踏
口䒑,豆喜善短痘登鼓豊澄樹膳頭膨繕闘艶譜
口⻏,郡郭部
口⻖,陳陪隔
口丰,害割喫轄
口夭,橋矯
口⺍,営獣
口衣,哀喪
口正,証誕整
口㕣,沿船鉛
口肀,唐糖
口𠮷,舎周捨週彫園猿遠調舗
口戌,減感憾
口疒,痘痴
口訁,計訃記訓託討許訟設詠詐詞詔証診訴該詰詣誇試詩詳誠詮語誤獄誌説謁課諸請諾誕談諧諮謀謹謙講謝謎識譜議護譲
口亖,計訃記訓託討許訟設詠詐詞詔証診訴該詰詣誇試詩詳誠詮語誤獄誌説謁課諸請諾誕談諧諮謀謹謙講謝謎識譜議護譲
口自,嗅憩頭頼額瀬
口言,話調警
口貝,員唄賀貼損賂賞賠噴償韻
口灬,点駒騎鯨驚
口癶,登澄
口𦍌,善膳繕
口呆,保褒
口米,粘糖謎
口羊,群詳議
口甫,哺舗
口兑,悦脱税説鋭閲
口頁,頭頼額瀬
口吾,悟語
口五,悟語
口冎,渦過禍鍋
口辛,辞辣
口酉,酪酷
口隹,唯難護躍
口⺮,答筒箇
口釒,鉛銅鋭錮
口咅,倍剖培陪部賠
口或,域惑
口匂,喝謁
口丸,塾熟
口曲,豊艶
口門,問閣閲闘
口咼,渦過禍鍋
口丅,隔融
口壴,喜鼓樹膨
口苟,敬警驚
口咸,減感憾
口尢,就蹴
口尤,就蹴
口荅,塔搭
口金,銘錬鍋
口罒,還憲環
口音,韻識
口袁,園猿遠
口鬲,隔融
口𦉪,隔融
口𦰩,漢嘆難
口⻊,路蹴露
口馬,駒騎驚
口孰,塾熟
口啇,嫡摘滴適敵
口𧾷,踪躍
口睘,還環
口喬,橋矯
口喿,操燥繰藻
水日,泉腺線踏
水王,球様
水白,泉腺線
水肀,康逮隷
水隶,康逮隷
力田,男勇動湧働虜勲
力木,架勅
力夂,務霧
力千,動働勲
力月,脇勝
力劦,協脅脇
力矛,務霧
力里,動働勲
力重,動働勲
力务,務霧
丁宀,寄貯寧
丁田,町衝衡
丁木,桁術椅
丁扌,打宇
丁艹,芋苛荷
丁于,芋宇
丁彳,行桁術街衝衛衡
丁亍,行桁術街衝衛衡
夕木,殊傑
夕艹,葬夢
夕歹,死列例残殊殉烈殖葬裂
夕目,殖瞬
夕㐄,傑舞隣瞬
夕舛,傑舞隣瞬
干丷,平幸坪南執評報献摯
干車,軒幹
干丸,執摯
斤⻌,近逝
斤木,析新薪
斤氵,浜漸
斤扌,折逝哲誓
斤立,新薪
斤目,盾循質
斤車,斬漸暫
斤亲,新薪
日王,旺皇
日宀,宣宴宿縮
日田,曽量僧層増憎贈糧
日木,昧楷楽暦歴薬籍
日巾,帽綿錦
日氵,泊渇混温湿湯源滝漠漫潮激
日夂,復腹複履曖覆
日⺊,卓悼
日扌,担拍指掲措提揚
日弋,戦織職識
日女,宴婚
日心,意億憶曖臆
日寸,時得
日内,胆脂腸
日丷,曽僧層増憎贈
日艹,草著漠暮薬
日习,習曜
日火,煮照憎爆
日⺈,陥晩
日龷,昔借惜措暴錯爆籍
日皿,温盟
日耂,者著都煮暑署緒諸箸賭
日彳,得復履覆
日未,昧籍
日戈,戦織職識
日肉,胆脂腸
日忄,恒惜悼慢憬憶
日月,明晴朝腹盟嘲潮臆
日立,音竜章暗意滝境彰障億憶臆闇織職韻鏡識響
日目,冒帽賜賭贈韻
日彡,彰影
日糸,緒綿縄線縮織
日禾,香稲稽
日衤,褐複
日龰,是堤提踏題
日䒑,普譜
日⻏,都響
日⻖,陥陽障
日比,昆皆混階楷諧
日⺍,単弾戦禅
日勿,易場湯揚陽傷腸瘍賜
日共,暴爆
日⺼,腺臆
日老,者著都煮暑署緒諸箸賭
日召,昭照
日生,星晴醒
日业,湿普顕譜
日亘,垣恒宣
日訁,詣謁諸諧識譜
日亖,詣謁諸諧識譜
日自,顕題願
日里,量糧
日疋,是堤提題
日貝,賜賭贈韻
日羽,習曜
日电,俺竜滝電
日頁,顕題願
日⺮,箸簡籍
日釒,錦錯鏡
日匂,喝渇掲褐謁
日龟,亀縄
日佰,宿縮
日門,間闇簡
日京,景影憬
日显,湿顕
日昜,場湯揚陽傷腸瘍
日龺,朝嘲潮韓
日罒,署慢漫
日並,普譜
日复,復腹複履覆
日竟,境鏡
日氺,暴爆
日曼,慢漫
日帛,綿錦
日戠,織職識
王宀,宝窯
王入,全栓詮
王木,柱珠栓様
王氵,注潤
王丷,美善羨様窯養膳繕
王彳,往徴
王月,望膳
王䒑,善膳繕
王灬,駐窯
王𦍌,美善羨様窯養膳繕
王玨,琴斑
宀工,空控
宀田,富審
宀木,案棺
宀囗,宙演
宀氵,溶演
宀夂,客額
宀山,崇密
宀扌,控搾擦
宀女,安案宴嫁
宀心,窓密寧蜜憲
宀寸,守狩
宀丷,審窯
宀白,宿縮
宀月,腕察擦
宀目,貯寛賓
宀元,完院
宀禾,稼審
宀丰,害割轄
宀夗,宛腕
宀㠯,官棺管館
宀示,宗崇察踪擦
宀由,宙演
宀𤴓,定綻錠
宀至,室窒
宀必,密蜜
宀各,客額
宀自,寡額
宀貝,貯賓
宀谷,容溶
宀虫,蛇蜜
宀頁,寡額
宀豕,家嫁稼
宀佰,宿縮
宀百,宿縮
宀宓,密蜜
宀祭,察擦
工扌,拭控
工弋,式拭試
工穴,空控
丂木,朽極
丂耂,考拷
广木,床麻摩磨麓魔
广廿,度席庶渡遮
广心,応癒
广寸,府腐
广内,病腐
广冫,疫疾症疲病痕痩痛痘痢嫉痴瘍療癖癒
广矢,疾嫉痴
广艮,痕廊
广比,鹿麗麓
广肀,唐康庸糖
广付,府腐
广疒,疫疾症疲病痕痩痛痘痢嫉痴瘍療癖癒
广灬,庶遮薦
广米,粧糖
广コ,鹿麗麓
广林,麻摩磨麓魔
田｜,甲押岬
田木,果菓巣彙裸課魅魔
田氵,湧漁藩
田扌,押捜描
田弋,畿戴
田井,異戴翼
田心,思慮
田丷,曽番僧層増憎審贈藩翻
田艹,苗菓描猫蓄薫藩
田习,翼翻
田火,畑憎
田⺈,魚漁衡鮮鯨
田彳,衝衡
田亍,衝衡
田戈,畿戴
田千,重動腫働種勲衝薫
田犬,黙獣
田月,胃腫膚
田立,童憧瞳鐘
田目,瞳贈
田糸,細累
田禾,番種審藩翻
田旦,量糧
田⺍,巣獣
田玄,畜蓄
田虍,虜膚慮
田灬,魚黒漁墨黙鮮鯨
田米,番審藩翻糧
田𠂎,留瑠
田羽,翼翻
田甶,鬼塊魂魅醜魔
田行,衝衡
田釆,番審藩翻
田畐,副富幅福
田⺣,勲薫
｜目,直値植殖置
⻌木,述速
⻌丷,送遂遵
⻌𧘇,遠還
⻌𠮷,週遠
⻌豕,逐遂
木囗,困梗横槽
木巾,柿業
木氵,染深漆瀬藻
木止,歴整
木扌,抹採探操
木弋,栽械機
木女,妹案桜媒楼
木井,耕構
木寸,村樹
木丷,来様
木艹,茶菓菜葉模薪薬藻
木龷,棋横籍
木曰,梗槽
木彳,桁術
木亍,桁術
木戈,栽械機
木白,楷楽薬
木立,新辣薪親
木攵,条枚整
木目,相植想箱親霜
木彡,杉彩鬱
木糸,練繰
木衤,裸襟
木龰,疎礎
木艮,根概
木比,楷麓
木⺍,栄桜巣
木石,磨礎
木爫,采彩採菜
木示,禁標襟
木朮,述術
木訁,課謀
木亖,課謀
木自,頼瀬
木甘,某媒謀
木疋,疎礎
木𠆢,茶漆膝
木呆,保褒
木頁,頼瀬
木甶,魅魔
木行,桁術
木耒,耕耗籍
木隹,集椎権
木⺮,箱籍
木罙,深探
木㓁,深探
木門,閑欄
木鬼,魅魔
木亲,新薪親
木桼,漆膝
木氺,漆膝
木喿,操燥繰藻
木品,操燥繰藻
士心,志誌
士丬,壮荘装
士糸,結続
士殳,殻穀
士䒑,喜鼓樹膨
士示,款隷
士訁,詰誌
士亖,詰誌
士壴,喜鼓樹膨
士豆,喜鼓樹膨
囗夫,替潜
囗氵,油演潜
囗扌,抽撮
囗龷,黄横
囗曰,曲更便書梗唱曹硬最替農豊遭撮潜槽濃艶
囗古,固個箇錮
囗䒑,豊艶
囗耳,最撮
囗辰,農濃
囗豆,豊艶
囗取,最撮
囗㚘,替潜
巾女,姉婦
巾丷,帝締諦
巾牛,制製
巾彐,帰掃婦
巾白,綿錦
巾糸,綿締
巾㠯,帥師
巾𠂤,帥師
巾帚,帰掃婦
巾丗,帯滞
巾帛,綿錦
夫氵,渓漢潜
夫扌,扶撲
夫丷,券拳謄騰
夫艹,漢嘆難
夫曰,替潜
夫月,勝謄騰
夫目,規賛
夫䒑,僕撲
夫龹,券拳謄騰
夫爫,渓鶏
夫业,僕撲
夫㚘,替潜
夫𦰩,漢嘆難
夫菐,僕撲
氵夂,液落
氵止,渋渉
氵弋,減滅
氵寸,薄簿
氵内,消滑
氵艹,落漢漠薄藩藻
氵火,淡滅
氵⺈,浄漁
氵龷,洪港
氵皿,温濫
氵戊,減滅
氵戈,減滅
氵⺕,浄浸
氵中,沖潰
氵肉,消滑
氵白,泊源激
氵月,清湖潮
氵少,沙渉
氵立,泣滝
氵目,測漬潰
氵䒑,滋澄
氵共,洪港
氵爫,浮渓
氵由,油演
氵皮,波婆
氵戌,減滅
氵貝,測漬潰
氵谷,浴溶
氵灬,漁潟
氵甫,浦薄簿
氵冎,渦滑
氵隹,準濯
氵罒,漫濁
氵尃,薄簿
氵溥,薄簿
夂⺀,冬終
夂心,愛慶憂曖優
夂彳,後復履覆
夂月,腹憂優
夂糸,終絡縫
夂爪,愛曖
夂龶,麦麺
夂⻖,降隆陵
夂丰,峰蜂縫
夂自,夏額
夂矛,務霧
夂夋,俊唆酸
夂允,俊唆酸
夂頁,夏額
夂酉,酪酸
夂夆,峰蜂縫
夂务,務霧
夂复,復腹複履覆
夂⻊,路露
夂㥑,憂優
廿灬,庶遮
止弋,武歳賦
止少,歩渉
止攵,政整
止廴,延誕
止訁,証誕
止亖,証誕
止米,歯齢
止隹,雌躍
止步,捗頻
止此,紫雌
止𧾷,踪躍
山心,密懲
山彳,徴懲
山攵,徴懲
山䒑,岡剛綱鋼
⺊目,貞偵貼
⺊早,卓悼
⺊貝,貞偵貼
也乜,他地池施
扌丷,摂摘
扌艹,描搭
扌立,拉接
扌穴,控搾
扌古,据摘
扌龰,捉提擬
扌旦,担揚
扌殳,投搬
扌友,抜援
扌出,拙掘
扌爫,採援揺
扌耳,摂撮
扌合,拾搭
扌疋,提擬
扌隹,推携擁
弋心,惑感憾
弋𧘇,袋裁
弋艹,茂蔵臓
弋戊,成茂威城盛戚減感誠滅蔵憾臓
弋戈,成伐我戒茂威城栽域械盛戚幾減裁惑感義歳載誠戦賊滅閥餓畿儀戯蔵憾機犠繊戴織職識臓議
弋立,織職識
弋手,我義餓儀犠議
弋目,貸賊賦
弋糸,繊織
弋衣,袋裁
弋业,戯繊
弋戌,威減感滅憾
弋訁,試誠識議
弋亖,試誠識議
弋貝,貸賊賦
弋羊,義儀犠議
弋𢦏,栽裁載繊戴
弋臣,蔵臓
弋或,域惑
弋咸,減感憾
弋音,織職識
弋戠,織職識
女冫,姿凄嫉
女禾,委萎
女肀,妻凄
女米,数楼
女覀,要腰
女娄,数楼
井冉,溝構講購
井冓,溝構講購
井再,溝構講購
心彳,徳懲
心冫,恣癒
心戊,感憾
心戈,惑感憾
心忄,憶憾
心月,態憂臆優癒
心立,意億憶臆
心攵,悠懲
心目,想懸
心今,念捻
心糸,総懸
心禾,秘愁穂
心爪,愛曖
心刃,忍認
心耳,恥聴
心戌,感憾
心自,息憩
心叀,恵穂
心宓,密蜜
心咸,感憾
心罒,徳憲聴
心音,意億憶臆
心㥑,憂優
寸丷,尊遵
寸丬,将奨
寸彳,待得
寸三,寿鋳
寸䒑,導樹闘
寸爫,将奨
寸示,尉慰
寸訁,討詩謝
寸亖,討詩謝
寸甫,博薄縛簿
寸身,射謝
寸酉,酎尊遵
寸寽,将奨
寸⺮,符等
寸豆,樹闘
寸酋,尊遵
寸尃,博薄縛簿
寸溥,薄簿
内𠫓,育徹撤
内攵,徹撤
内旦,胆腸
内凶,胸脳
内冎,骨滑骸髄
丷开,併瓶塀餅
丷月,朕膳謄騰
丷手,拳摯
丷糸,締繕
丷古,嫡摘滴適敵
丷禾,釈税番審藩翻
丷䒑,善膳繕
丷⻖,隊墜
丷兄,悦脱税説鋭閲
丷龹,券拳謄騰
丷并,併瓶塀餅
丷关,咲送朕関
丷天,咲送朕関
丷言,評諦謄
丷灬,窯騰
丷𦍌,美善羨様窯養膳繕
丷米,釈番審藩翻
丷兑,悦脱税説鋭閲
丷豕,遂隊墜
丷酉,尊猶遵
丷丸,執摯
丷釆,釈番審藩翻
丷門,関閲
丷㒸,遂隊墜
丷酋,尊猶遵
丷啇,嫡摘滴適敵
辶月,随遡髄
辶糸,遜縫
辶䒑,道遡導
辶自,道導
辶米,迷謎
辶迶,随髄
辶有,随髄
辶首,道導
丬爫,将奨
丬寽,将奨
氏氐,低底抵邸
卩去,却脚
卩艮,即節
卩𠬝,服報
卩𦈢,卸御
𧘇龶,表俵
𧘇𠮷,園猿遠
𧘇罒,壊懐還環
𧘇袁,園猿遠
𧘇睘,還環
艹戊,茂蔵臓
艹戈,茂蔵臓
艹亡,荒慌
艹可,苛荷
艹攵,敬蔽警驚
艹禾,萎菌穫藩
艹句,敬警驚
艹右,若匿諾
艹訁,諾護
艹亖,諾護
艹巟,荒慌
艹川,荒慌
艹合,塔搭
艹灬,蒸薦驚
艹米,菊藩
艹隹,獲穫難護
艹臣,蔵藍臓
艹苟,敬警驚
艹荅,塔搭
艹罒,夢蔑
艹莫,募墓幕慕暮膜模
艹旲,募墓幕慕暮膜模
艹𦰩,漢嘆難
艹蒦,獲穫護
艹隻,獲穫護
习隹,濯曜躍
习翟,濯曜躍
火犬,然燃
火禾,秋愁
火⺼,然燃
火隹,焦礁
火肰,然燃
云雨,雲曇
⺈⺕,争浄静
⺈用,角解触
⺈灬,魚漁鮮鯨
⺈豕,象像
⺈奐,喚換
气⺄,気汽
龷由,黄横
龷其,基期棋欺碁旗
龷氺,暴爆
曰䒑,豊艶
曰耳,最撮
曰辰,農濃
曰豆,豊艶
曰取,最撮
曰㚘,替潜
开并,併瓶塀餅
皿舟,盤艦
皿臣,監濫藍艦鑑
⺌兀,光輝
兀卉,暁焼
兀尭,暁焼
冋目,賞償
冋夭,橋矯
冋貝,賞償
冋喬,橋矯
彳亍,行桁術街衝衛衡
彳攵,微徴徹懲
彳龰,従徒縦
彳䒑,従縦
彳复,復履覆
冉冓,溝構講購
冫欠,次茨姿恣盗資諮
冫矢,疾嫉痴凝
冫疒,疫疾症疲病痕痩痛痘痢嫉痴瘍療癖癒
未耒,耕耗籍
巛𡿨,州巡災順酬
𠫓肉,育徹撤
𠫓攵,徹撤
𠫓㐬,流硫
巴巳,色把肥絶艶
戊戈,成茂威城盛戚減感誠滅蔵憾臓
戊戌,威減感滅憾
戊臣,蔵臓
戊咸,減感憾
戈立,織職識
戈手,我義餓儀犠議
戈糸,繊織
戈业,戯繊
戈戌,威減感滅憾
戈訁,誠識議
戈亖,誠識議
戈羊,義儀犠議
戈𢦏,栽裁載繊戴
戈臣,蔵臓
戈或,域惑
戈咸,減感憾
戈音,織職識
戈戠,織職識
千里,重動腫働種勲衝薫
千⺣,勲薫
⺕尹,君郡群
中目,貴遺潰
中貝,貴遺潰
彐帚,帰掃婦
彐氺,緑録
彐录,緑録
肉攵,徹撤
肉旦,胆腸
肉凶,胸脳
肉冎,骨滑骸髄
白糸,綿線縮
白比,皆階楷諧
白佰,宿縮
白帛,綿錦
犬⺼,然燃
犬肰,然燃
忄亡,忙慌
忄毋,悔慣
忄月,情惰愉
忄立,憧憶
忄目,惧慎慣憤
忄艮,恨慨
忄ハ,惧慎
忄生,性情
忄貝,慣憤
忄具,惧慎
忄罒,慢懐
亡巟,荒慌
亡川,荒慌
毋攵,敏繁
毋目,貫慣
毋貝,貫慣
月立,臆襲籠
月䒑,前煎塑遡膳膨
月⻖,随堕際
月龹,謄騰
月示,祭際察擦
月生,青情清晴精静請
月屰,塑遡
月屮,塑遡
月言,諭謄
月刖,前愉煎諭輸癒
月灬,煎熊騰
月䏍,能熊態罷
月朋,崩棚
月迶,随髄
月龺,朝嘲潮
月俞,愉諭輸癒
月朔,塑遡
月㥑,憂優
月龍,襲籠
立目,賠親瞳韻
立⻏,部響
立⻖,陪障
立早,章彰障
立里,童憧瞳鐘
立貝,賠韻
立电,竜滝
立釒,鏡鐘
立咅,倍剖培陪部賠
立亲,新薪親
立竟,境鏡
立辟,避壁璧癖
立𡰪,避壁璧癖
立戠,織職識
立龍,襲籠
矢龰,疑凝擬
矢疒,疾嫉痴
矢ユ,侯候喉
矢疋,疑凝擬
矢マ,疑凝擬
手羊,義儀犠議
攵古,故敵
攵方,放倣傲敷激
攵正,政整
攵句,敬警驚
攵耳,敢厳
攵至,致緻
攵毎,敏繁
攵丅,敢厳
攵苟,敬警驚
攵育,徹撤
攵敝,幣弊蔽
攵㡀,幣弊蔽
目糸,績懸
目龶,責債漬積績
目ハ,具真惧慎鎮
目卉,噴墳憤
目⺮,算箱
目臣,賢覧
目尚,賞償
目賁,噴墳憤
用甬,通痛踊
彡自,須顔
彡𠆢,珍診
彡㐱,珍診
彡頁,須顔
糸䒑,綱網縦繕
糸龶,素績
糸丰,潔縫
糸隹,維羅
古丸,塾熟
古孰,塾熟
古啇,嫡摘滴適敵
禾米,釈番審藩翻
禾隹,稚穫
禾釆,釈番審藩翻
三句,駒驚
三灬,馬駅駆駄駒駐罵篤騎験騒騰驚
龰䒑,従縦
龰疋,是旋婿疎堤提疑凝擬礎題
龰マ,疑凝擬
艮⻏,郎郷廊響
艮牙,既慨概
艮豸,墾懇
艮貇,墾懇
旦勿,場湯揚陽傷腸瘍
旦亘,垣恒宣
旦里,量糧
旦昜,場湯揚陽傷腸瘍
廴𡈼,廷庭艇
廴正,延誕
廴肀,建健鍵
廴聿,建健鍵
殳舟,般搬盤
䒑业,並普僕撲譜
䒑屰,逆塑遡
䒑屮,逆塑遡
䒑自,首道導頭
䒑刖,前煎
䒑癶,登澄
䒑𦍌,善膳繕
䒑曲,豊艶
䒑壴,喜鼓樹膨
䒑兹,滋慈磁
䒑朔,塑遡
䒑菐,僕撲
⻏良,郎廊
龶貝,責債漬積績
友爫,媛援暖緩
友爰,媛援暖緩
⻖豕,隊墜
⻖㐄,降隣
⻖圥,陸陵
⻖㒸,隊墜
⻖有,随堕
比コ,鹿麗麓
丰㓞,契喫潔
丰夆,峰蜂縫
夭喬,橋矯
戸隹,雇顧
⺍凶,悩脳
衣罒,壊懐
勿昜,場湯揚陽傷腸瘍
正訁,証誕
正亖,証誕
㠯𠂤,阜帥追師
石隹,確礁
石林,磨礎
共其,基期棋欺碁旗
共氺,暴爆
兄兑,悦脱税説鋭閲
⺼肰,然燃
虍业,虚戯
句灬,駒驚
句苟,敬警驚
句馬,駒驚
肀聿,建津律書健粛庸筆鍵
肀米,粛糖
肀隶,康逮隷
爫孚,乳浮
爫寽,将奨
爫爰,媛援暖緩
𠮷袁,園猿遠
耳丅,敢厳
示覀,票漂標
示林,禁襟
尗上,叔寂淑戚督
束自,頼瀬
束頁,頼瀬
必宓,密蜜
业显,湿顕
业菐,僕撲
卉貝,噴墳憤
卉尭,暁焼
卉賁,噴墳憤
戌咸,減感憾
各⻊,路露
屰屮,逆塑遡
屰朔,塑遡
屮朔,塑遡
訁亖,計訃記訓託討許訟設詠詐詞詔証診訴該詰詣誇試詩詳誠詮語誤獄誌説謁課諸請諾誕談諧諮謀謹謙講謝謎識譜議護譲
訁羊,詳議
亖羊,詳議
巟川,荒慌
冊侖,倫輪論
冊扁,偏遍編
冊戶,偏遍編
关天,咲送朕関
自頁,夏頃頂項順須頑傾頓煩頒預寡領頭頰頼頻額顎顔顕題類願瀬顧
合荅,塔搭
矛务,務霧
里灬,黒墨黙
里⺣,勲薫
夋允,俊唆酸
甘匹,甚勘堪
疋マ,疑凝擬
刖俞,愉諭輸癒
貝尚,賞償
貝賁,噴墳憤
而雨,需儒
𠆢㐱,珍診
𠆢桼,漆膝
𠆢氺,漆膝
虫𠘨,風嵐
虫䖝,風嵐
癶豆,登澄
𠘨䖝,風嵐
米釆,釈番審藩翻
米娄,数楼
羊我,義儀犠議
甫尃,博薄縛簿
甫溥,薄簿
羽隹,濯曜躍
羽翟,濯曜躍
豕㒸,遂隊墜
吾五,悟語
㐄舛,傑舞隣瞬
冎咼,渦過禍鍋
坐从,座挫
辛辟,避壁璧癖
辛𡰪,避壁璧癖
酉酋,尊猶遵
隹奞,奪奮
隹蒦,獲穫護
隹翟,濯曜躍
辰曲,農濃
臣臤,堅腎緊賢
臣茂,蔵臓
享丸,塾熟
享孰,塾熟
幸丸,執摯
丸坴,勢熱
丸圥,勢熱
丸埶,勢熱
丸孰,塾熟
佰百,宿縮
罙㓁,深探
曲豆,豊艶
重⺣,勲薫
扁戶,偏遍編
坴圥,陸勢睦熱
坴埶,勢熱
圥埶,勢熱
京尢,就蹴
京尤,就蹴
丅鬲,隔融
丅𦉪,隔融
壴豆,喜鼓樹膨
尢尤,就稽蹴
迶有,随髄
罒曼,慢漫
罒睘,還環
尃溥,薄簿
莫旲,募墓幕慕暮膜模
音竟,境鏡
音戠,織職識
鬲𦉪,隔融
冓再,溝構講購
桼氺,漆膝
氺录,緑録
豸貇,墾懇
尞昚,僚寮療瞭
敝㡀,幣弊蔽
离㐫,璃離
离禸,璃離
㐫禸,璃離
蒦隻,獲穫護
喿品,操燥繰藻
辟𡰪,避壁璧癖