人,person
一,one
丨,"[""vertical stroke"",""たてぼう""]"
口,mouth
日,day
目,eye
儿,"[""human legs"",""ひとあし""]"
見,see
凵,"[""container, open box"",""かんにょう""]"
山,mountain
出,exit
十,ten
八,eight
木,tree
未,not yet
丶,"[""dot"",""てん""]"
来,come
大,large
亅,"[""vertical stroke with a hook"",""はねぼう""]"
了,finish
子,child
心,heart
土,soil
冂,to enclose
田,rice paddy
思,think
二,two
丁,ward
彳,"[""step, stride, street, to go"",""ぎょうにんべん""]"
行,go
寸,measurement
寺,Buddhist temple
時,time
卜,"[""choosing"",""settling"",""fixing""]"
上,up
丿,"[""diagonal sweeping stroke"",""の""]"
刀,sword
分,part
厶,"[""private, Katakana Mu"",""む""]"
禾,"[""grain"",""のぎへん""]"
私,me
中,middle
彐,"[""pig’s head"",""けいがしら""]"
尹,"[""director (of the ritsuryo-period Imperial Prosecuting and Investigating Office)""]"
事,abstract thing
可,possible
亻,variant of 人
何,what
自,oneself
乂,mow
又,or again
皮,skin
彼,he
亠,"[""lid, top"",""なべぶた""]"
方,direction
生,life
月,month
門,gates
間,interval
扌,variant of 手
手,hand
言,say
女,woman
本,book
乙,the latter
气,"[""steam, air"",""きがまえ""]"
気,feeling
干,dry
年,year
三,three
耂,old
者,someone
刂,variant of 刀
前,in front
勹,"[""to wrap"",""つつみがまえ""]"
勿,not
豕,"[""pig"",""いのこ""]"
冖,"[""cover, crown"",""わかんむり""]"
宀,"[""roof, house"",""うかんむり""]"
家,house
今,now
下,below
白,white
勺,"[""shaku"",{""_"":""traditional unit of volume, approx. 18 ml"",""$"":{""G_TYPE"":""expl""}}]"
的,target
云,say
牛,cow
物,thing
立,stand up
小,small
文,writing
矢,arrow
知,know
入,enter
乍,while
作,make
聿,"[""writing brush"",""ふでづくり""]"
書,write
学,study
合,fit
幺,short thread
夂,"[""to follow"",""のまた""]"
後,behind
持,hold
古,old
尸,"[""corpse, awning"",""しかばね""]"
居,reside
灬,variant of 火
無,nothing
水,water
羊,sheep
様,formal title
音,sound
意,idea
也,"[""sum of money""]"
地,ground
止,stop
午,noon
卩,"[""kanji \""seal\"" radical (radical 26)""]"
卸,wholesale
御,honorable
至,climax
屋,roof
廾,"[""folded hands"",""にじゅうあし""]"
廿,twenty
厂,"[""cliff"",""がんだれ""]"
广,"[""kanji \""dotted cliff\"" radical (radical 53)""]"
度,degrees
同,same
不,non-
実,truth
千,thousand
舌,tongue
話,talk
身,body
戸,door
斤,axe
所,place
先,previous
力,power
五,five
明,bright
弋,"[""javelin"",""いぐるみ""]"
代,substitute
犬,dog
然,so
用,use
廴,"[""to move, stretch"",""えんにょう""]"
辶,variant of ⻌
通,pass through
耳,ear
聞,hear
衣,clothes
艮,"[""gen (one of the trigrams of the I Ching: mountain, northeast)""]"
長,long
少,few
己,self
竹,bamboo
弓,bow (archery
第,ordinal number prefix
戈,"[""ge (ancient Chinese dagger-axe)""]"
感,feeling
世,world
工,craft
穴,hole
空,sky
囗,"[""border, territorial boundaries"",""くにがまえ""]"
四,four
王,king
里,village
理,reason
主,master
久,long time
夕,evening
名,name
面,face
場,place
彡,"[""hair-style, light rays"",""さんづくり""]"
彦,"[""boy""]"
貝,shellfish
頁,"[""head, page"",""おおがい""]"
顔,face
君,you
万,ten thousand
成,become
考,think
首,neck
道,road
正,correct
阝,variant of 邑
郎,son
当,hit
男,male
外,outside
玉,ball
国,country
会,association
取,take
新,new
虫,insect
几,"[""desk"",""table""]"
風,wind
申,say
礻,variant of 示
神,god
重,heavy
動,move
部,part
向,over there
夜,night
内,inside
青,blue
相,mutual
体,body
眼,eyeball
味,flavor
業,business
僕,me
多,many
士,gentleman
声,voice
現,appear
平,flat
葉,leaf
全,whole
足,foot
七,seven
切,cut
金,gold
近,near
巴,tomoe
色,color
癶,"[""outspread legs, departure"",""はつがしら""]"
発,departure
母,mother
高,tall
以,by means of
匕,"[""spoon"",""さじ""]"
歹,"[""death & dying, to decompose"",""がつ""]"
死,death
旦,daybreak
得,acquire
豆,beans
頭,head
欠,lack
冫,"[""ice"",""にすい""]"
次,next
天,heaven
夫,husband
具,tool
真,true
甘,sweet
其,that
父,father
親,parent
巾,towel
帰,return
対,opposite
美,beauty
六,six
引,pull
予,in advance
野,field
笑,laugh
表,express
等,class
忄,variant of 心
情,feelings
歩,walk
馬,horse
形,shape
太,thick
川,river
各,each
氵,variant of 水
洛,the capital
落,fall
性,gender
食,eat
此,this
有,have
仕,do
冊,counter for books
論,theory
最,most
記,write down
信,trust
衤,variant of 衣
初,first
問,question
亦,again
変,change
直,straight
達,attain
去,leave
法,method
活,active
込,crowded
村,village
吾,our
語,language
孝,filial piety
攵,strike
教,teach
着,wear
社,company
別,separate
兀,lofty
光,ray
好,like
亜,sub-
悪,bad
和,peace
右,right (direction)
若,young
化,change
花,flower
氏,family name
底,bottom
吉,good luck
糸,thread
結,tie
処,dispose
原,field
兄,older brother
説,theory
車,car
走,run
起,wake up
字,letter
流,stream
占,fortune telling
点,point
他,other
想,concept
交,mix
校,school
我,ego
義,righteousness
爪,claw
愛,love
百,hundred
罒,net
置,put
叩,strike
命,fate
韋,"[""leather"",""なめしがわ""]"
違,differ
如,likeness
早,early
朝,morning
反,anti-
返,return
関,related
米,rice
数,number
石,stone
海,sea
吊,suspend
常,normal
付,attach
九,nine
角,angle
解,untie
東,east
火,fire
之,of
西,west
要,need
苦,suffer
過,go beyond
定,decide
町,town
安,cheap
庫,warehouse
且,moreover
助,help
頃,times
巳,"[""sixth sign of the Chinese zodiac (The Serpent, 9am-11am, south-southeast, April)""]"
民,people
半,half
隹,"[""kanji \""old bird\"" radical""]"
集,collect
誰,who (question word)
共,together
供,offer
升,measuring box
飛,fly
在,exist
丘,hill
兵,soldier
開,open
草,grass
強,strong
紙,paper
深,deep
待,wait
幾,how many
機,machine
夬,decide
決,decide
遠,far
是,just so
題,topic
楽,pleasure
利,profit
張,stretch
示,indicate
余,leave over
比,compare
皆,all
必,without fail
歌,song
打,hit
呼,call
根,root
覚,memorize
老,old man
京,capital
由,reason
品,article
台,pedestal
治,govern
周,circumference
調,investigate
姿,figure
売,sell
読,read
丙,third class
疒,"[""sickness"",""やまいだれ""]"
病,sick
種,kind
連,take along
甲,armor
単,simple
戦,war
始,begin
念,thought
室,room
公,public
急,hurry
島,island
左,left (direction)
黒,black
突,stab
介,jammed in
界,world
術,art
坐,sit
座,sit
受,accept
丹,cinnabar
舟,boat
船,boat
元,origin
観,observe
吏,officer
使,use
経,manage
図,diagram
進,advance
残,remainder
画,tableau
松,pine
凡,mediocre
恐,fear
赤,red
殳,"[""lance shaft, action"",""るまた""]"
殺,kill
式,style
釆,"[""to separate"",""のごめ""]"
番,one's turn
呈,display
程,extent
師,expert
存,suppose
伝,transmit
軍,army
運,carry
果,fruit
良,good
娘,daughter
識,discriminating
奇,strange
寄,approach
両,both
或,some
黄,yellow
横,side
議,deliberation
友,friend
非,negative
婦,lady
寝,lie down
酉,"[""tenth sign of the Chinese zodiac (The Bird, 5pm-7pm, west, August)""]"
酒,alcoholic drink
失,lose
武,military
判,judge
支,branch
加,add
細,thin
質,quality
特,special
祭,festival
際,occasion
路,road
政,politics
告,tell
列,row
例,example
客,guest
貴,precious
雨,rain
雪,snow
能,ability
位,rank
暗,dark
芸,art
辰,"[""fifth sign of the Chinese zodiac (The Dragon, 7am-9am, east-southeast, March)""]"
振,shake
片,one-sided
難,difficult
井,well
乗,ride
茶,tea
故,circumstances
準,standard
宮,Shinto shrine
店,shop
冬,winter
終,end
息,breath
電,electricity
丸,circle
勢,power
衛,defense
匚,"[""box"",""はこがまえ""]"
匸,"[""to conceal, hide"",""かくしがまえ""]"
亡,deceased
望,hope
春,springtime
旨,delicious
指,finger
配,distribute
役,service
幸,happiness
階,floor of a building
景,scenery
影,shadow
渡,transit
於,in
夢,dream
巻,scroll
凶,villain
胸,bosom
制,control
極,poles
臣,retainer
蔵,warehouse
奥,heart
都,metropolis
圭,square jewel
掛,hang
段,steps
態,condition
江,inlet
悲,sad
限,limit
肖,resemblance
消,extinguish
絶,discontinue
追,follow
勝,win
離,detach
精,refined
与,give
守,protect
氺,"[""water"",""したみず""]"
藤,wisteria
類,sort
妻,wife
素,elementary
官,government official
飠,eat
館,public building
史,history
那,what
谷,valley
容,contain
甫,for the first time
敷,spread
答,answer
住,dwelling
折,fold
宿,inn
遊,play
計,measure
召,summon
昭,shining
注,pour
造,create
放,release
壬,"[""9th in rank"",""ninth sign of the Chinese calendar""]"
廷,courts
庭,garden
為,do
波,wave
断,cut off
働,work
格,status
北,north
背,back
旅,trip
続,continue
広,wide
泉,spring
線,line
斗,Big Dipper
科,section
句,phrase
敬,respect
驚,wonder
忘,forget
炎,inflammation
談,discuss
産,give birth
降,descend
志,intention
鳥,bird
鳴,chirp
越,cross over
争,conflict
静,quiet
押,push
市,market
舛,"[""contrary, to err"",""まいあし""]"
舞,dance
奄,obstruct
俺,I
奴,guy
泣,cry
則,rule
側,side
象,elephant
像,statue
洋,ocean
号,number
浮,floating
束,bundle
頼,trust
房,tassel
送,send
詩,poem
参,participate
異,uncommon
買,buy
従,obey
南,south
清,pure
系,lineage
係,person in charge
諸,various
熱,heat
服,clothes
似,becoming
河,river
怪,suspicious
秋,autumn
晩,nightfall
将,leader
林,woods
件,affair
城,castle
皿,dish
血,blood
徳,benevolence
腹,abdomen
組,association
満,full
妙,exquisite
昔,long ago
料,fee
円,round
独,alone
雲,cloud
尺,shaku
沢,swamp
雑,miscellaneous
許,permit
窓,window
往,outward journey
兆,portent
逃,escape
喜,rejoice
肉,meat
暮,livelihood
博,Dr.
吹,blow
更,grow late
困,become distressed
派,sect
曲,musical composition
傍,bystander
縁,affinity
喬,high
橋,bridge
臼,mortar
興,entertain
附,affixed
並,line-up
期,period of time
毋,"[""not, mother"",""なかれ""]"
毎,every
抜,slip out
岸,beach
求,request
労,labour
薄,dilute
黙,silence
而,"[""and also"",""しこうして""]"
端,edge
虍,"[""tiger"",""とらがしら""]"
劇,drama
確,certain
末,end
弟,younger brother
絵,picture
裏,back
改,reformation
令,orders
冷,cool
乃,from
及,reach out
訳,translate
飲,drink
呆,be amazed
保,preserve
途,route
完,perfect
院,institution
辺,environs
殿,Mr.
包,wrap
抱,embrace
状,form
評,evaluate
玄,mysterious
刻,engrave
散,scatter
卯,"[""fourth sign of the Chinese zodiac (The Hare, 5am-7am, east, February)""]"
仰,face-up
疋,"[""bolt of cloth"",""ひき""]"
疑,doubt
痛,pain
破,rend
再,again
構,construct
案,plan
差,distinction
族,tribe
緒,thong
銀,silver
軽,light
版,printing block
堂,public chamber
福,luck
刃,blade
忍,endure
認,recognize
恋,romance
建,build
衆,masses
毛,hair
察,guess
腰,loins
快,cheerful
煙,smoke
敵,enemy
負,lose
探,grope
究,research
岩,boulder
歳,year-end
隠,conceal
伊,italy
伸,lengthen
応,respond
団,group
歴,curriculum
員,member
候,climate
微,delicate
筆,writing brush
礼,thanks
源,origin
昨,previous
羽,feather
宗,religion
尾,tail
眺,stare
転,revolve
商,sell
州,state
投,throw
願,request
研,sharpen
永,eternity
留,detain
雄,male
憂,melancholy
優,superior
佐,help
器,container
証,evidence
回,times
鹿,deer
仏,Buddha
髪,hair of the head
致,(to) do
叫,shout
演,perform
退,retreat
眠,sleep
弱,weak
固,hard
個,individual
枝,branch
罪,guilt
央,center
験,test
夏,summer
職,employment
視,look at
報,report
即,instant
節,node
富,rich
骨,bone
善,good
斉,adjusted
済,settle
写,copy
育,nurture
約,promise
密,secrecy
弁,valve
床,bed
戻,re-
涙,tears
給,salary
唯,solely
仲,relationship
貰,get
焼,bake
宛,allocate
腕,arm
陽,sunshine
到,arrival
倒,overthrow
響,echo
坂,slope
権,rights
苗,seedling
描,sketch
勧,persuade
乱,riot
警,guard against
養,foster
岡,hill
姉,older sister
価,value
鼻,nose
条,clause
寒,cold
坊,boy
隊,group
龍,"[""dragon"",""りゅう""]"
籠,basket
囲,surround
星,star
兼,concurrently
嫌,dislike
登,climb
接,contact
旧,old times
児,child
街,street
任,responsibility
祖,ancestor
刷,printing
飯,meal
医,medicine
板,board
毒,poison
照,illuminate
局,office
肩,shoulder
盛,prosper
森,forest
辛,spicy
壁,wall
昏,dark
婚,marriage
矛,halberd
務,duty
露,dew
丈,length
鉄,iron
易,easy
郷,home town
僧,Buddhist priest
駄,burdensome
狂,lunatic
織,weave
境,boundary
英,England
布,linen
帯,sash
習,learn
因,cause
踏,step
湯,hot water
移,shift
倉,warehouse
低,low
責,blame
積,accumulate
婆,old woman
仮,temporary
津,haven
訪,visit
鬼,ghost
麻,hemp
魔,witch
儀,ceremony
魚,fish
怒,angry
映,reflect
枚,sheet of...
斯,this
修,discipline
印,mark
荒,laid waste
晴,clear up
筈,"[""nock (of a bow)""]"
軒,flats
樹,trees
尊,revered
屮,"[""sprout"",""くさのめ""]"
屯,barracks
純,genuine
休,rest
府,urban prefecture
怖,dreadful
香,incense
允,license
充,allot
統,unite
園,garden
述,mention
尢,lame leg
沈,sink
紅,deep red
著,renowned
普,universal
払,pay
群,flock
欲,longing
隻,vessels
護,safeguard
銭,coin
皇,emperor
呉,give
秘,secret
酔,drunk
捨,throw away
害,harm
割,divide
柄,design
厄,unlucky
危,dangerous
匹,equal
甚,tremendously
便,convenience
騒,boisterous
聴,listen
短,short
席,seat
哲,philosophy
承,acquiesce
遣,dispatch
資,resources
灯,lamp
徒,junior
舎,cottage
章,chapter
鏡,mirror
就,concerning
値,value
農,farming
傷,wound
阿,africa
朱,vermilion
殊,particularly
勇,courage
温,warm
妹,younger sister
般,generally
筋,muscle
領,territory
激,violent
這,crawl
樣,manner
曽,formerly
増,increase
迷,astray
技,skill
頂,place on the head
昼,daytime
備,provide
霊,spirits
否,negate
薬,medicine
彑,variant of 彐
互,mutually
隣,neighboring
選,choose
跡,tracks
傾,lean
壮,robust
装,attire
試,test
速,fast
挙,raise
層,stratum
芝,turf
詰,packed
量,quantity
復,again
随,follow
俗,vulgar
奉,observance
浅,shallow
提,present
浪,wandering
貧,poor
杯,counter for cupfuls
批,criticism
紀,chronicle
吸,suck
幕,curtain
借,borrow
旡,crooked heaven
既,previously
総,whole
輪,wheel
迎,welcome
屈,yield
脱,undress
尋,inquire
忠,loyalty
滅,destroy
荷,luggage
遺,bequeath
箱,box
宅,home
叔,uncle
柳,willow
魂,soul
埋,bury
依,reliant
帝,sovereign
捕,catch
級,rank
秀,excel
池,pond
植,plant
陰,shade
刺,thorn
伏,prostrated
撃,beat
懸,suspend
触,contact
伯,chief
懐,pocket
隅,corner
暴,outburst
胃,stomach
謂,reason
珍,rare
区,ward
洗,wash
梅,ume (Japanese apricot)
智,wisdom
迫,urge
健,healthy
惑,beguile
基,foundation
翌,the following
才,genius
称,appellation
膝,knee
豊,bountiful
崎,promontory
剣,sabre
敢,daring
厳,strict
納,settlement
展,expand
恥,shame
棒,rod
額,amount
伴,consort
逆,inverted
閉,closed
射,shoot
憶,recollection
瞬,wink
威,intimidate
哀,pathetic
堪,withstand
殆,almost
寂,loneliness
被,incur
斎,purification
趣,gist
却,instead
脚,leg
講,lecture
握,grip
姓,surname
疲,exhausted
染,dye
斬,kill by slicing
暫,temporarily
犯,crime
辞,resign
砂,sand
牙,tusk
邪,wicked
油,oil
闇,darkness
概,outline
遂,consummate
聖,holy
汽,steam
順,obey
憎,hate
益,benefit
泊,overnight
陣,camp
慮,prudence
弾,bullet
勤,diligence
推,infer
卓,eminent
誌,document
仙,hermit
陸,land
頬,"[""cheek (of face)""]"
拠,foothold
嬢,lass
省,government ministry
障,hurt
虚,void
戯,frolic
尽,exhaust
併,join
惜,pity
畳,tatami mat
姫,princess
検,examine
党,group
製,manufacture
誤,mistake
呂,spine
執,tenacious
華,splendor
袋,sack
減,decrease
輩,comrade
浜,seacoast
創,create
莫,must not
墓,grave
救,salvation
模,imitation
燃,burn
刑,punish
型,model
杉,cedar
咲,blossom
昆,descendants
混,mix
麗,lovely
亭,pavilion
侍,waiter
査,investigate
震,quake
曜,day of the week
尚,esteem
鶴,crane
敗,failure
乞,beg
迄,until
功,achievement
宜,best regards
費,expense
延,prolong
除,exclude
栄,prosperity
踊,jump
繰,winding
貫,pierce
慣,accustomed
看,watch over
賀,congratulations
険,precipitous
猫,cat
適,suitable
尼,nun
泥,mud
録,record
歯,tooth
漢,China
飾,decorate
机,desk
椅,chair
冒,risk
帽,cap
載,ride
俳,haiku
設,establish
帳,account book
浴,bathe
吐,spit
瀬,rapids
慢,ridicule
宝,treasure
竜,dragon
扉,front door
拝,worship
簡,simplicity
菊,chrysanthemum
愚,foolish
律,law
革,leather
編,compile
勘,intuition
規,rule
司,director
釈,explanation
弥,all the more
童,juvenile
袖,sleeve
揚,hoist
于,going
宇,eaves
換,interchange
材,lumber
悟,enlightenment
努,toil
廊,corridor
維,fiber
羅,gauze
盗,steal
覧,perusal
輝,radiance
球,sphere
添,annexed
闘,fight
烈,ardent
畑,farm
詞,poetry
蘭,orchid
嬉,glad
収,take in
乳,milk
柱,pillar
摩,chafe
覗,peek
釣,angling
導,guide
濃,concentrated
算,calculate
含,include
襲,attack
旗,national flag
熊,bear
嫁,marry into
策,scheme
圧,pressure
寧,rather
専,specialty
財,wealth
揺,swing
鮮,fresh
防,prevent
偶,accidentally
庵,"[""hermitage"",""retreat""]"
築,fabricate
誘,entice
希,hope
垂,droop
阪,heights
停,halt
孫,grandchild
鉢,bowl
潮,tide
操,maneuver
免,excuse
隶,"[""to capture"",""れいづくり""]"
康,health
唐,T'ang
針,needle
乏,scarce
略,abbreviation
枕,pillow
蛇,snake
裕,abundant
紫,purple
序,preface
獄,prison
練,practice
抵,resist
遅,slow
避,evade
癖,mannerism
幼,infancy
澄,lucidity
駆,drive
只,"[""unaffected"",""as is"",""safe""]"
扱,handle
緑,green
敏,cleverness
繁,luxuriant
隆,hump
巧,adroit
誠,sincerity
狭,cramped
遇,interview
蒼,blue
厚,thick
綱,hawser
鋭,pointed
透,transparent
噂,"[""rumour"",""rumor"",""report"",""hearsay"",""gossip"",""common talk""]"
替,exchange
潜,submerge
封,seal
愉,pleasure
牧,breed
巛,"[""winding river"",""まがりがわ""]"
巡,patrol
票,ballot
標,signpost
嘘,"[""lie"",""fib"",""falsehood"",""untruth""]"
裁,judge
壇,podium
靴,shoes
授,instruct
典,code
幽,seclude
唇,lips
茂,overgrown
届,deliver
戒,commandment
械,contraption
奪,rob
拾,pick up
属,belong
挨,push open
汚,dirty
拶,be imminent
帆,sail
抗,confront
奈,what
卒,graduate
監,oversee
鈴,small bell
討,chastise
亘,span
垣,hedge
膳,tray
駒,horse
卑,lowly
眉,eyebrow
閣,tall
営,manage
粉,flour
拭,wipe
範,pattern
猿,monkey
暑,hot
恵,favor
祈,pray
謝,apologize
浦,bay
較,contrast
乾,dry
奮,stirred up
管,pipe
汗,sweat
祝,celebrate
札,tag
匠,artisan
勉,exertion
胡,"[""barbarian tribes surrounding ancient China""]"
湖,lake
貨,freight
臭,stinking
悩,trouble
偉,admirable
砲,cannon
尻,buttocks
氷,ice
嘆,sigh
貞,upright
孔,cavity
濁,voiced
駅,station
堅,strict
昌,prosperous
唱,chant
塔,pagoda
馴,get used to
曹,cadet
率,rate
涯,horizon
庄,level
灰,ashes
棄,abandon
貸,lend
叱,scold
枯,wither
徴,indications
招,beckon
暇,spare time
邸,residence
柔,tender
宣,proclaim
俊,genius
賞,prize
霧,fog
週,week
禁,prohibition
豪,overpowering
朋,companion
棚,shelf
塩,salt
漸,steadily
郡,county
躍,leap
整,put in order
紋,family crest
塗,paint
恩,grace
稽,consider
縦,vertical
翁,venerable old man
匂,scent
効,effect
凝,congeal
崩,crumble
縮,shrink
掘,dig
衝,collide
唄,songs with shamisen
桜,cherry tree
麦,wheat
蒲,bulrush
斥,reject
訴,sue
損,loss
裂,split
滑,slippery
沙,sand
淡,thin
徹,penetrate
喧,noisy
幻,phantasm
堀,ditch
誇,boast
悔,repent
藩,clan
笛,flute
享,receive
熟,ripen
締,tighten
暖,warmth
葬,interment
稿,draft
偵,spy
瓜,"[""melon"",""gourd""]"
孤,orphan
兔,rabbit
逸,deviate
骸,dead remains
爵,baron
雀,"[""tree sparrow (Passer montanus)""]"
課,section
県,prefecture
尉,military officer
慰,consolation
巨,gigantic
仁,humanity
憤,aroused
攻,aggression
超,transcend
忙,busy
裸,naked
須,by all means
鼓,drum
孟,chief
猛,fierce
荘,villa
恨,rancor
惨,wretched
寛,tolerant
溜,collect
僅,a wee bit
稲,rice plant
凄,uncanny
雇,employ
顧,look back
肥,fertilizer
閑,leisure
腐,rot
倍,double
季,seasons
艦,warship
岳,point
采,form
菜,vegetable
寿,longevity
焦,char
拘,arrest
笠,"[""conical hat (East-Asian style)"",""coolie hat""]"
脳,brain
協,cooperation
壊,demolition
沼,marsh
慈,mercy
拙,bungling
宙,mid-air
煮,boil
肌,texture
符,token
賢,intelligent
据,set
斜,diagonal
揃,be complete
拡,broaden
請,solicit
鶏,chicken
賊,burglar
彩,coloring
虎,tiger
需,demand
濡,get wet
悦,ecstasy
酷,cruel
窮,hard up
紹,introduce
獣,animal
爆,explode
測,fathom
督,coach
抑,repress
競,compete
絹,silk
蓋,cover
継,inherit
胆,gall bladder
採,pick
曇,cloudy weather
掌,manipulate
蓮,"[""rose of Sharon (Hibiscus syriacus)""]"
桃,peach tree
鐘,bell
審,examine
彫,carve
瓦,tile
捜,search
隔,isolate
隙,fissure
炭,charcoal
醜,ugly
湧,boil
猶,furthermore
偽,falsehood
巣,nest
災,disaster
衰,decline
複,duplicate
双,pair
陥,collapse
巷,"[""the public"",""the street (e.g. \""word on the street\"")""]"
港,harbor
劣,inferiority
歓,delight
廃,abolish
洲,continent
臨,look to
漁,fishing
奏,play music
補,supplement
睡,drowsy
揮,brandish
侯,marquis
塚,hillock
網,netting
某,so-and-so
磨,grind
雷,thunder
缶,tin can
鬱,gloom
環,ring
綿,cotton
紳,sire
豸,"[""badger"",""むじなへん""]"
貌,appearance
嘩,noisy
襟,collar
縫,sew
涼,refreshing
催,sponsor
盤,tray
銃,gun
拍,clap
戴,be crowned with
裾,cuff
菓,confectionery
顕,appear
担,shouldering
飽,sated
鎌,sickle
辻,"[""intersection"",""crossing"",""crossroad"",""street corner"",""street""]"
臓,entrails
粗,coarse
訓,instruction
委,committee
謀,conspire
惚,fall in love with
遍,everywhere
粋,chic
崖,cliff
硝,nitrate
盾,shield
詳,detailed
誉,reputation
炉,hearth
没,drown
潔,undefiled
峰,summit
芳,perfume
洞,den
掃,sweep
昇,rise up
稀,rare
縛,truss
喉,throat
税,tax
刊,publish
珠,pearl
冠,crown
滝,waterfall
預,deposit
幅,breadth
企,plan
銅,copper
縄,straw rope
瓶,flower pot
陳,exhibit
脈,vein
呪,curse
覆,capsize
窟,cavern
宵,wee hours
抽,pluck
署,government office
献,offering
脇,aside
墨,black ink
紛,distract
渉,ford
緊,tense
筒,cylinder
栗,chestnut
畜,livestock
翼,wing
煩,anxiety
沿,run alongside
控,withdraw
泰,peaceful
盲,blind
蔑,ignore
征,subjugate
域,range
餅,mochi rice cake
漂,drift
施,carry out
烏,crow
亀,turtle
串,skewer
患,afflicted
伺,pay respects
賃,fare
艶,glossy
喋,talk
冗,superfluous
忌,mourning
箇,counters for things
傘,umbrella
扇,fan
還,send back
蹴,kick
翻,flip
李,plum
索,cord
琴,harp
跳,hop
飼,domesticate
辱,embarrass
艇,rowboat
痩,get thin
浄,clean
芽,bud
騎,equestrian
峠,mountain peak
欧,Europe
罰,penalty
魅,fascination
醒,be disillusioned
促,stimulate
頓,suddenly
沖,open sea
幹,tree-trunk
履,footgear
圏,sphere
蒸,steam
慶,jubilation
妖,bewitching
鍵,key
汁,soup
盆,basin
霜,frost
距,long-distance
譲,defer
渋,astringent
鑑,specimen
泳,swim
齢,age
穂,ear
怨,grudge
括,fasten
屏,wall
塀,fence
獲,seize
磯,"[""(rocky) beach"",""seashore""]"
絡,entwine
汰,luxury
痴,stupid
剥,come off
賛,approve
蜂,bee
柴,"[""brushwood"",""firewood""]"
頻,repeatedly
耒,"[""kanji \""plow\"" or \""three-branch tree\"" radical""]"
籍,enroll
蘇,be resuscitated
倫,ethics
穏,calm
肯,agreement
贈,presents
牲,animal sacrifice
嘲,ridicule
疾,rapidly
誓,vow
航,cruise
盟,alliance
尖,be pointed
慌,disconcerted
漠,vague
啓,disclose
頑,stubborn
膚,skin
怠,neglect
笹,"[""bamboo grass"",{""_"":""generally smaller species of running bamboo that do not shed their sheaths (e.g. Sasa spp.)"",""$"":{""G_TYPE"":""expl""}}]"
鈍,dull
摘,pinch
柿,persimmon
詮,discussion
契,pledge
喫,consume
咽,throat
蚊,mosquito
邦,home country
鎖,chain
粒,grains
萩,"[""dark red exterior with blue interior (color combination worn in autumn)""]"
均,level
胴,trunk
罵,insult
鍋,pot
雅,gracious
憲,constitution
喚,yell
鎮,tranquilize
楼,watchtower
肝,liver
欄,column
浸,immersed
噴,erupt
漫,cartoon
徐,gradually
挿,insert
詣,visit a temple
爿,"[""split wood"",""しょうへん""]"
淵,"[""deep pool"",""deep water"",""abyss""]"
悠,permanence
捉,capture
股,crotch
鴨,wild duck
璃,glassy
猪,boar
傑,greatness
耐,resistant
宴,banquet
診,checkup
朗,melodious
剛,sturdy
陶,pottery
卵,egg
幣,cash
吟,versify
狩,hunt
謙,self-effacing
励,encourage
犠,sacrifice
宰,superintend
遥,far off
礎,cornerstone
渦,whirlpool
潰,crush
耕,till
療,heal
弄,tamper with
崇,adore
囚,captured
銘,inscription
旋,rotation
豚,pork
禅,Zen
斐,beautiful
瞳,pupil
粧,cosmetics
掲,put up (a notice)
錯,confused
晶,sparkle
拳,fist
慕,pining
架,rack
諦,abandon
潤,wet
堤,dike
砕,smash
刈,reap
塞,obstruct
岐,branch off
弘,vast
援,aid
殖,augment
鷹,hawk
欺,deceit
排,repudiate
暦,calendar
脅,threaten
痕,mark
叙,confer
酌,bartending
慄,fear
猟,game-hunting
臆,timidity
瑠,lapis lazuli
滴,drip
但,however
梢,"[""treetop"",""tip of a branch""]"
塊,clod
妨,disturb
顎,jaw
謡,noh chanting
嵐,storm
溝,gutter
繋,tether
慎,humility
疎,alienate
貢,tribute
撲,slap
絞,strangle
嫉,envy
凍,frozen
輸,transport
析,chop
株,stocks
秩,regularity
愁,distress
妬,jealousy
郵,mail
葛,arrowroot
蓄,amass
侮,scorn
液,fluid
畏,fear
隈,corner
鉛,lead
慨,rue
詠,recitation
僚,colleague
拒,repel
藻,seaweed
稚,immature
緩,slacken
庸,commonplace
錦,brocade
携,portable
弦,bowstring
癒,healing
滞,stagnate
穀,cereals
暁,daybreak
況,condition
桂,cinnamon tree
伐,fell
擦,grate
芋,potato
恭,respect
庁,government office
懇,sociable
績,exploits
泡,bubbles
霞,be hazy
堕,degenerate
把,grasp
瞭,clear
撮,snapshot
箸,chopsticks
湿,damp
賭,gamble
謎,riddle
稼,earnings
偏,partial
釜,kettle
樽,"[""cask"",""barrel""]"
奔,bustle
侵,encroach
蔽,cover
鍛,forge
桑,mulberry
狙,aim at
融,dissolve
脂,fat
餌,bait
苛,torment
逐,pursue
刹,temple
麓,foot of a mountain
径,diameter
騰,inflation
薫,fragrant
溶,melt
藍,indigo
羨,envy
削,plane
酸,acid
庶,commoner
遮,intercept
哉,how
紺,dark blue
嗅,smell
蛮,barbarian
漬,pickling
糧,provisions
郊,outskirts
糖,sugar
粛,solemn
遭,encounter
柏,"[""oak"",""daimyo oak"",""Japanese emperor oak"",""Quercus dentata""]"
棟,ridgepole
昧,foolish
塾,cram school
硬,stiff
坪,two-mat area
貼,paste
朴,crude
蜜,honey
侶,companion
飢,hungry
貯,savings
弧,arc
餓,starve
択,choose
碑,tombstone
渓,mountain stream
后,empress
妄,delusion
俵,bag
喪,miss
虐,tyrannize
褒,praise
託,consign
伎,deed
桐,"[""paulownia tree"",""Paulownia tomentosa""]"
殻,husk
廉,bargain
副,vice
克,overcome
戚,grieve
項,paragraph
梁,"[""(roof) beam""]"
薪,fuel
腸,intestines
棺,coffin
炊,cook
爽,refreshing
禍,calamity
漏,leak
丑,"[""second sign of the Chinese zodiac (The Ox, 1am-3am, north-northeast, December)""]"
肺,lungs
唾,saliva
碁,Go
湾,gulf
玩,trifle with
沸,seethe
陵,mausoleum
憾,remorse
韻,rhyme
擁,embrace
雰,atmosphere
婿,bridegroom
賜,grant
媒,mediator
扶,aid
鉱,mineral
坑,pit
斑,blemish
諾,consent
践,tread
隷,slave
淫,lewdness
鯉,"[""common carp (Cyprinus carpio)"",""koi carp""]"
浩,wide expanse
謹,discreet
赦,pardon
誕,nativity
篤,fervent
佳,excellent
漱,gargle
挟,pinch
杏,apricot
喝,hoarse
渇,thirst
髄,marrow
溺,drown
旬,10-day period (of the month)
錠,lock
儒,Confucian
梨,pear tree
膨,swell
秒,second (part of time)
償,reparation
篠,"[""thin-culmed dwarf bamboo (growing in clusters)""]"
磐,rock
赴,proceed
畔,paddy-ridge
恒,constancy
胞,placenta
零,zero
貪,covet
弊,abuse
諭,rebuke
脊,stature
衡,equilibrium
酬,repay
遷,transition
朽,decay
冶,melting
諧,harmony
柵,fence
軸,axis
朔,"[""new moon""]"
茅,miscanthus reed
羞,feel ashamed
函,box (archaic) 
班,squad
拓,clear (the land)
桟,scaffold
洪,deluge
捻,twist
冥,dark
濯,laundry
懲,penal
胎,womb
摂,vicarious
敦,industry
郭,enclosure
譜,musical score
虹,rainbow
軟,soft
措,set aside
訂,revise
憧,desire
核,nucleus
披,expose
墜,crash
殴,assault
瑞,"[""good omen""]"
倣,emulate
億,hundred million
磁,magnet
椎,oak
症,symptoms
挑,challenge
鯨,whale
剖,divide
遜,humble
凹,concave
雌,feminine
萎,wither
募,recruit
棋,chess piece
娯,recreation
寮,dormitory
傲,be proud
勅,imperial order
妃,queen
妥,gentle
迅,swift
茎,stalk
煎,broil
擬,mimic
峡,gorge
韓,Korea
繕,darning
寡,widow
嚇,menacing
濫,excessive
腫,tumor
叶,grant
漆,lacquer
陛,highness
罷,quit
抄,extract
燥,parch
剤,dose
租,tariff
簿,register
萌,show symptoms of
惰,lazy
購,subscription
券,ticket
繊,slender
閲,review
奨,exhort
粘,sticky
勃,rise
累,accumulate
栽,plantation
岬,headland
梗,close up
駐,stop-over
貿,trade
毀,destroy
窃,stealth
賦,levy
潟,lagoon
債,bond
曖,not clear
虜,captive
穫,harvest
喩,metaphor
肢,limb
搾,squeeze
匿,hide
淳,pure
肘,elbow
軌,rut
厘,thousandth
膜,membrane
褐,brown
槽,vat
祥,auspicious
腎,kidney
淑,graceful
販,marketing
翔,soar
勲,meritorious deed
堆,piled high
睦,harmonious
抹,rub
枠,frame
舗,pavement
剰,surplus
詐,lie
幌,"[""canopy (esp. the cloth or canvas used for it)"",""awning"",""top (of a convertible)"",""hood""]"
汐,eventide
錬,tempering
薦,recommend
閥,clique
培,cultivate
憩,recess
聡,wise
逝,departed
勾,capture
墳,tomb
菌,germ
鋼,steel
挫,sprain
鋳,casting
覇,hegemony
賓,V.I.P.
滋,nourishing
凸,convex
茨,thorn
苑,garden
唆,tempt
殉,martyrdom
阻,thwart
桁,beam
訟,sue
菱,"[""caltrop (weapon)"",""caltrap""]"
搬,conveyor
嗣,heir
旺,flourishing
妊,pregnancy
娠,with child
酢,vinegar
旭,rising sun
綻,rip
帥,commander
舶,liner
渚,"[""water's edge"",""beach"",""shore""]"
尿,urine
賄,bribe
汎,pan-
栓,plug
硫,sulphur
蛍,lightning-bug
醸,brew
肪,obese
疫,epidemic
惧,dread
遡,go upstream
緯,horizontal
辣,bitter
媛,princess
窒,plug up
弐,two (falsification prevention)
拷,torture
嫡,legitimate wife
礁,reef
窯,kiln
虞,uneasiness
逮,apprehend
麺,noodles
該,above-stated
循,sequential
壱,one (falsification prevention)
拐,kidnap
撤,remove
矯,rectify
俸,salary
踪,remains
紡,spinning
酎,sake
糾,twist
枢,hinge
阜,mound
悼,lament
姻,matrimony
拉,crush
耗,decrease
痢,diarrhea
塁,bases
芯,core
栃,horse chestnut
丼,bowl of food
璧,sphere
捗,make progress
箋,paper
彙,same kind
泌,ooze
彰,patent
埼,cape (geography)
嘱,entrust
畿,capital
壌,lot
填,fill in
賂,bribe
轄,control
逓,relay
酵,fermentation
賠,compensation
准,quasi-
腺,gland
搭,board
哺,suckle
瘍,boil (medical)
祉,welfare
